tree
version=v4
num_class=1
num_tree_per_iteration=1
label_index=0
max_feature_idx=95
objective=regression
feature_names=nfci baa10y vix t10y2y dgs10 unrate wti cpi_yoy baa10y_lag1 baa10y_lag2 baa10y_lag4 baa10y_lag8 baa10y_lag12 baa10y_roll4_mean baa10y_roll4_std baa10y_roll8_mean baa10y_roll8_std baa10y_roll12_mean baa10y_roll12_std vix_lag1 vix_lag2 vix_lag4 vix_lag8 vix_lag12 vix_roll4_mean vix_roll4_std vix_roll8_mean vix_roll8_std vix_roll12_mean vix_roll12_std t10y2y_lag1 t10y2y_lag2 t10y2y_lag4 t10y2y_lag8 t10y2y_lag12 t10y2y_roll4_mean t10y2y_roll4_std t10y2y_roll8_mean t10y2y_roll8_std t10y2y_roll12_mean t10y2y_roll12_std dgs10_lag1 dgs10_lag2 dgs10_lag4 dgs10_lag8 dgs10_lag12 dgs10_roll4_mean dgs10_roll4_std dgs10_roll8_mean dgs10_roll8_std dgs10_roll12_mean dgs10_roll12_std unrate_lag1 unrate_lag2 unrate_lag4 unrate_lag8 unrate_lag12 unrate_roll4_mean unrate_roll4_std unrate_roll8_mean unrate_roll8_std unrate_roll12_mean unrate_roll12_std wti_lag1 wti_lag2 wti_lag4 wti_lag8 wti_lag12 wti_roll4_mean wti_roll4_std wti_roll8_mean wti_roll8_std wti_roll12_mean wti_roll12_std cpi_yoy_lag1 cpi_yoy_lag2 cpi_yoy_lag4 cpi_yoy_lag8 cpi_yoy_lag12 cpi_yoy_roll4_mean cpi_yoy_roll4_std cpi_yoy_roll8_mean cpi_yoy_roll8_std cpi_yoy_roll12_mean cpi_yoy_roll12_std nfci_lag1 nfci_lag2 nfci_lag4 nfci_lag8 nfci_lag12 nfci_roll4_mean nfci_roll4_std nfci_roll8_mean nfci_roll8_std nfci_roll12_mean nfci_roll12_std
feature_infos=[-0.80700000000000005:3.1019999999999999] [1.48:6.0999999999999996] [9.1400000000000006:79.129999999999995] [-1.0600000000000001:2.9100000000000001] [0.55000000000000004:5.4199999999999999] [3.3999999999999999:14.800000000000001] [15.48:145.31] [-1.9587610037622771:8.9793611031057985] [1.48:6.0999999999999996] [1.48:6.0999999999999996] [1.48:6.0999999999999996] [1.48:6.0999999999999996] [1.48:6.0999999999999996] [1.5350000000000001:6.0475000000000003] [0.0050000000002465416:0.84397867271632421] [1.5475000000000001:5.9262500000000005] [0.01069044967640905:0.90366614410411716] [1.5700000000000001:5.8000000000000007] [0.013706888336814117:0.96024105243833191] [9.1400000000000006:79.129999999999995] [9.1400000000000006:79.129999999999995] [9.1400000000000006:79.129999999999995] [9.1400000000000006:79.129999999999995] [9.1400000000000006:79.129999999999995] [9.5899999999999999:69.824999999999989] [0.058878405744820714:17.94614350401417] [9.6799999999999997:66.277500000000003] [0.31006911671619175:22.381238316309236] [10.041666666666666:61.208333333333336] [0.36881875322083785:22.489495915096697] [-1.0600000000000001:2.9100000000000001] [-1.0600000000000001:2.9100000000000001] [-1.0600000000000001:2.9100000000000001] [-1.0600000000000001:2.9100000000000001] [-1.0600000000000001:2.9100000000000001] [-0.96000000000000008:2.8325] [0.0050000000000615828:0.32403703492039337] [-0.93500000000000005:2.82125] [0.013024701806131106:0.45568629560257928] [-0.87416666666666665:2.8016666666666672] [0.01834021909305367:0.43168801865994377] [0.55000000000000004:5.4199999999999999] [0.55000000000000004:5.4199999999999999] [0.55000000000000004:5.4199999999999999] [0.55000000000000004:5.4199999999999999] [0.55000000000000004:5.4199999999999999] [0.58750000000000002:5.375] [0.0081649658073176447:0.44892464104044899] [0.62749999999999995:5.2737499999999997] [0.026692695630539463:0.6707764690480682] [0.65000000000000002:5.2374999999999998] [0.03692744729374469:0.71719730179147101] [3.3999999999999999:14.800000000000001] [3.3999999999999999:14.800000000000001] [3.3999999999999999:14.800000000000001] [3.3999999999999999:14.800000000000001] [3.3999999999999999:14.800000000000001] [3.3999999999999999:14.800000000000001] [0:6.0044427995721046] [3.4499999999999997:14] [0:5.5590338317784305] [3.4916666666666667:13.183333333333332] [0:5.4180044967933254] [15.48:145.31] [15.48:145.31] [15.48:145.31] [15.48:145.31] [15.48:145.31] [19.229999999999997:141.185] [0.068007352626151166:15.884840781911446] [19.438749999999999:137.1275] [0.44352282917483776:18.256821376836438] [19.449999999999999:133.41583333333335] [0.78915374697256901:21.226871959424756] [-1.9587610037622771:8.9793611031057985] [-1.9587610037622771:8.9793611031057985] [-1.9587610037622771:8.9793611031057985] [-1.9587610037622771:8.9793611031057985] [-1.9587610037622771:8.9793611031057985] [-1.9587610037622771:8.9793611031057985] [0:1.5190896293815532] [-1.7806639647239595:8.7587661493739315] [0:1.5258083671333176] [-1.6552479893981547:8.6600363421593212] [0.017774671900689099:1.7533082307618848] [-0.80700000000000005:3.1019999999999999] [-0.80700000000000005:3.1019999999999999] [-0.80700000000000005:3.1019999999999999] [-0.80700000000000005:3.1019999999999999] [-0.80700000000000005:3.1019999999999999] [-0.80500000000000005:3.0739999999999998] [0.00050000000010291248:0.36444787007198853] [-0.79925000000000013:2.9928750000000002] [0.0007440238091652834:0.62199470312397065] [-0.79458333333333331:2.87575] [0.0013113721705292889:0.79490588350846048]
tree_sizes=1482 1512 1535 1514 1509 1513 1523 1515 1504 1536 1514 1552 1515 1525 1520 1537 1526 1582 1538 1556 1553 1544 1548 1553 1554 1551 1515 1523 1513 1557 1513 1511 1493 1560 1521 1511 1550 1506 1549 1545 1548 1554 1563 1487 1558 1553 1557 1532 1557 1564 1526 1519 1566 1516 1553 1559 1529 1530 1509 1544 1543 1542 1519 1525 1532 1554 1528 1507 1526 1540 1536 1528 1525 1544 1569 1520 1515 1542 1543 1542 1508 1519 1547 1509 1511 1530 1541 1545 1552 1532 1521 1553 1547 1496 1533 1550 1593 1557 1576 1546 1605 1591 1533 1537 1548 1536 1538 1549 1497 1541 1527 1515 1555 1509 1559 1542 1572 1561 1526 1541 1556 1564 1545 1576 1571 1533 1549 1542 1543 1558 1566 1559 1584 1570 1554 1574 1584 1570 1534 1544 1599 1539 1530 1567 1560 1562 1540 1572 1545 1511 1549 1593 1534 1548 1572 1533 1531 1561 1535 1551 1554 1554 1563 1604 1590 1594 1553 1577 1639 1636 1558 1581 1601 1543 1642 1573 1560 1585 1572 1587 1595 1554 1574 1549 1596 1559 1581 1555 1576 1592 1600 1615 1561 1564 1614 1600 1542 1565 1576 1564

Tree=0
num_leaves=15
num_cat=0
split_feature=0 77 0 92 0 0 74 75 18 89 74 20 62 61
split_gain=250.842 41.8949 21.841 18.0952 5.34394 3.60973 2.36556 2.21091 2.09321 1.22583 0.899172 0.888552 0.859977 0.857567
threshold=0.38850000000000001 4.9271115977077455 -0.48449999999999993 2.2234375000000006 -0.024499999999999997 -0.63449999999999995 2.8239747765943184 2.1936679914508099 0.39234894014050675 -0.44449999999999995 3.5122931406500473 17.485000000000003 0.090453403373321875 3.6041666666666674
decision_type=2 2 2 2 2 2 2 2 2 2 2 2 2 2
left_child=2 3 5 8 7 -1 -6 -4 12 11 -11 -9 -2 -7
right_child=1 -3 4 -5 6 13 -8 9 -10 10 -12 -13 -14 -15
leaf_value=-0.36001267946572979 -0.32240757275008469 -0.25900131223061618 -0.35185453662874916 -0.28075043002577504 -0.34199025711045122 -0.3493619294899144 -0.32506942985268317 -0.33450442961664878 -0.33123743001433092 -0.35025082275127917 -0.34564960857842486 -0.34508542948855092 -0.31357307676988605 -0.35572198369019387
leaf_weight=240 13.999999999999998 17 168 13.999999999999998 29 20 9.9999999999999982 9.9999999999999982 9.9999999999999982 89 67 25 34 415
leaf_count=240 14 17 168 14 29 20 10 10 10 89 67 25 34 415
internal_value=-0.349758 -0.301361 -0.353773 -0.311362 -0.348198 -0.357059 -0.337652 -0.349344 -0.318751 -0.347136 -0.348275 -0.342062 -0.31615 -0.35543
internal_weight=1162 89 1073 72 398 675 39 359 58 191 156 35 48 435
internal_count=1162 89 1073 72 398 675 39 359 58 191 156 35 48 435
is_linear=0
shrinkage=1


Tree=1
num_leaves=15
num_cat=0
split_feature=0 77 0 92 0 0 74 75 18 89 75 20 62 61
split_gain=236.018 39.4189 20.5502 17.0258 5.02811 3.3964 2.22576 2.08025 1.9695 1.15339 0.848146 0.836039 0.809152 0.806885
threshold=0.38850000000000001 4.9271115977077455 -0.48449999999999993 2.2234375000000006 -0.024499999999999997 -0.63449999999999995 2.8239747765943184 2.1936679914508099 0.39234894014050675 -0.44449999999999995 3.5122931406500473 17.485000000000003 0.090453403373321875 3.6041666666666674
decision_type=2 2 2 2 2 2 2 2 2 2 2 2 2 2
left_child=2 3 5 8 7 -1 -6 -4 12 11 -11 -9 -2 -7
right_child=1 -3 4 -5 6 13 -8 9 -10 10 -12 -13 -14 -15
leaf_value=-0.0099468695819377902 0.026530083928789409 0.0880341557895436 -0.0020334710699639151 0.066937513947486871 0.0075348801883579836 0.00038435778580605981 0.023948083341121675 0.014796132892370223 0.017965122789144514 -0.0005309584223793755 0.0039228812621339504 0.004532562853954732 0.035099545839954824 -0.0057848947947642887
leaf_weight=240 13.999999999999998 17 168 13.999999999999998 29 20 9.9999999999999982 9.9999999999999982 9.9999999999999982 87 69 25 34 415
leaf_count=240 14 17 168 14 29 20 10 10 10 87 69 25 34 415
internal_value=-3.00376e-11 0.0469456 -0.00389391 0.0372442 0.00151289 -0.00708192 0.0117434 0.000401498 0.0300768 0.00254325 0.00143901 0.00746501 0.0326001 -0.00550125
internal_weight=1162 89 1073 72 398 675 39 359 58 191 156 35 48 435
internal_count=1162 89 1073 72 398 675 39 359 58 191 156 35 48 435
is_linear=0
shrinkage=0.03


Tree=2
num_leaves=15
num_cat=0
split_feature=0 73 0 12 0 31 52 0 7 74 75 89 62 20
split_gain=222.069 37.1286 19.3357 6.21408 4.73095 3.33878 3.83689 3.19567 2.63065 2.09421 1.9573 1.08522 0.817065 0.786629
threshold=0.38850000000000001 10.142657000651935 -0.48449999999999993 3.2850000000000006 -0.024499999999999997 2.2550000000000003 5.7500000000000009 -0.63449999999999995 -0.1687771566112328 2.8239747765943184 2.1936679914508099 -0.44449999999999995 0.06513389472790139 17.485000000000003
decision_type=2 2 2 2 2 2 2 2 2 2 2 2 2 2
left_child=2 5 7 -3 10 6 -2 -1 -8 -6 -4 13 -13 -12
right_child=1 3 4 -5 9 -7 8 -9 -10 -11 11 12 -14 -15
leaf_value=-0.0096484631467610594 0.029554861664772031 0.090365936389336196 -0.001972466918689731 0.061033161328389096 0.007308833649189308 0.018851675540208817 0.035138205707073204 -0.0053362133486260623 0.056398326808756047 0.023229640692472457 0.014352248936891555 0.0036233788780794525 -0.00072032433561980717 0.0043965860188007353
leaf_weight=240 30 13.000000000000002 168 12.999999999999998 29 11.999999999999998 10.000000000000002 435 10.999999999999998 9.9999999999999982 9.9999999999999982 76 80 25
leaf_count=240 30 13 168 13 29 12 10 435 11 10 10 76 80 25
internal_value=3.87116e-11 0.0455373 -0.00377709 0.0756995 0.0014675 0.0330894 0.0364394 -0.00686946 0.0462745 0.0113911 0.000389453 0.00246695 0.00139584 0.00724106
internal_weight=1162 89 1073 26 398 63 51 675 21 39 359 191 156 35
internal_count=1162 89 1073 26 398 63 51 675 21 39 359 191 156 35
is_linear=0
shrinkage=0.03


Tree=3
num_leaves=15
num_cat=0
split_feature=0 77 0 29 0 0 74 76 18 12 66 62 28 61
split_gain=208.945 35.0462 18.193 15.3003 4.45135 3.00681 1.97045 1.84215 1.82247 1.08631 1.19367 0.80145 0.797898 0.759198
threshold=0.38850000000000001 4.9271115977077455 -0.48449999999999993 6.2418292661650403 -0.024499999999999997 -0.63449999999999995 2.8239747765943184 2.1513276129652374 0.39234894014050675 2.8550000000000004 68.750000000000014 0.090453403373321875 17.854583333333334 3.6041666666666674
decision_type=2 2 2 2 2 2 2 2 2 2 2 2 2 2
left_child=2 3 5 8 7 -1 -6 -4 11 10 -9 -2 -12 -7
right_child=1 -3 4 -5 6 13 -8 9 -10 -11 12 -13 -14 -15
leaf_value=-0.0093590098321437842 0.024847535874162403 0.082913747254539941 -0.0019655493440986012 0.064485407242408158 0.0070895686655722814 0.00053291351348161702 0.022532751381397247 0.013618954472243785 0.016860619336366654 -0.001624842247791945 -0.00056366106362215108 0.033340506230081834 0.0043939692154526706 -0.0054512614607362137
leaf_weight=240 13.999999999999998 17 164 12.999999999999998 29 20 9.9999999999999982 9.9999999999999982 9.9999999999999982 47 42 35 96 415
leaf_count=240 14 17 164 13 29 20 10 10 10 47 42 35 96 415
internal_value=-2.81809e-11 0.0441712 -0.00366378 0.0350236 0.00142348 -0.00666337 0.0110494 0.000377769 0.028532 0.00234856 0.00361038 0.0309139 0.00288513 -0.00517613
internal_weight=1162 89 1073 72 398 675 39 359 59 195 148 49 138 435
internal_count=1162 89 1073 72 398 675 39 359 59 195 148 49 138 435
is_linear=0
shrinkage=0.03


Tree=4
num_leaves=15
num_cat=0
split_feature=0 78 0 88 83 0 0 74 75 18 12 66 28 61
split_gain=196.596 33.1099 17.1178 8.09294 5.4096 4.18827 2.82911 1.85399 1.73613 1.28758 0.984434 1.12038 0.759025 0.714329
threshold=0.38850000000000001 4.9271115977077455 -0.48449999999999993 2.4880000000000004 4.243603398345658 -0.024499999999999997 -0.63449999999999995 2.8239747765943184 2.1936679914508099 0.39234894014050675 2.8550000000000004 68.750000000000014 17.854583333333334 3.6041666666666674
decision_type=2 2 2 2 2 2 2 2 2 2 2 2 2 2
left_child=2 3 6 4 9 8 -1 -7 -4 -2 11 -10 -13 -8
right_child=1 -3 5 -5 -6 7 13 -9 10 -11 -12 12 -14 -15
leaf_value=-0.0090782397165894511 0.028332841268607547 0.080503143983728737 -0.0018580374677549115 0.058998786449432371 0.05012277352809906 0.0068768816567347218 0.00051692616194486617 0.021856768548488618 0.013210385620594024 0.016354800313711167 -0.0015563906330304841 -0.0005467512330505997 0.004304235544256331 -0.005287723614957677
leaf_weight=240 42 17 168 9.9999999999999982 9.9999999999999982 29 20 9.9999999999999982 9.9999999999999982 9.9999999999999982 45 42 94 415
leaf_count=240 42 17 168 10 10 29 20 10 10 10 45 42 94 415
internal_value=-8.51926e-11 0.042846 -0.00355386 0.0339548 0.0299154 0.00138077 -0.00646347 0.0107179 0.000366436 0.0260294 0.00232304 0.00351876 0.00280614 -0.00502084
internal_weight=1162 89 1073 72 62 398 675 39 359 52 191 146 136 435
internal_count=1162 89 1073 72 62 398 675 39 359 52 191 146 136 435
is_linear=0
shrinkage=0.03


Tree=5
num_leaves=15
num_cat=0
split_feature=0 77 0 29 0 0 74 76 3 12 66 62 28 61
split_gain=184.977 31.3883 16.1061 13.5044 3.94075 2.6619 1.74442 1.63491 1.60293 0.9627 1.05609 0.769635 0.707741 0.672112
threshold=0.38850000000000001 4.9271115977077455 -0.48449999999999993 6.2418292661650403 -0.024499999999999997 -0.63449999999999995 2.8239747765943184 2.1513276129652374 2.3850000000000002 2.8550000000000004 68.750000000000014 0.090453403373321875 17.854583333333334 3.6041666666666674
decision_type=2 2 2 2 2 2 2 2 2 2 2 2 2 2
left_child=2 3 5 8 7 -1 -6 -4 11 10 -9 -2 -12 -7
right_child=1 -3 4 -5 6 13 -8 9 -10 -11 12 -13 -14 -15
leaf_value=-0.0088058919068425886 0.023252125510147638 0.078225689986172839 -0.0018521344280168527 0.060582378277411822 0.0066705752038075748 0.00050141832232475283 0.021201066344976423 0.012814074039459228 0.016475456357002257 -0.0015284425281780832 -0.00053034869820943898 0.031609707965570333 0.0041388001284940398 -0.0051290920062596534
leaf_weight=240 13.999999999999998 17 164 12.999999999999998 29 20 9.9999999999999982 9.9999999999999982 10.999999999999998 47 42 34 96 415
leaf_count=240 14 17 164 13 29 20 10 10 11 47 42 34 96 415
internal_value=2.42879e-11 0.0415606 -0.00344725 0.0329036 0.00133935 -0.00626957 0.0103963 0.000355443 0.0268049 0.00221207 0.00339994 0.0291721 0.00271775 -0.00487022
internal_weight=1162 89 1073 72 398 675 39 359 59 195 148 48 138 435
internal_count=1162 89 1073 72 398 675 39 359 59 195 148 48 138 435
is_linear=0
shrinkage=0.03


Tree=6
num_leaves=15
num_cat=0
split_feature=0 73 0 12 0 31 52 0 7 74 75 12 76 61
split_gain=174.045 29.5594 15.1542 5.07123 3.70785 2.61143 3.04143 2.50649 1.97147 1.64133 1.53993 0.871776 1.00535 0.636243
threshold=0.38850000000000001 10.142657000651935 -0.48449999999999993 3.2850000000000006 -0.024499999999999997 2.2550000000000003 5.7500000000000009 -0.63949999999999985 -0.1687771566112328 2.8239747765943184 2.1936679914508099 2.8550000000000004 2.8122424022688945 3.6041666666666674
decision_type=2 2 2 2 2 2 2 2 2 2 2 2 2 2
left_child=2 5 7 -3 10 6 -2 -1 -8 -6 -4 12 -12 -9
right_child=1 3 4 -5 9 -7 8 13 -10 -11 11 -13 -14 -15
leaf_value=-0.0085748046084101921 0.026040261805057526 0.080475793801821169 -0.0017502307890806281 0.053977304192689743 0.0064704579946681341 0.016615273430943489 0.031285568475723252 0.0004863758012652397 0.049690321033651175 0.020565034121274948 0.0097489291115810985 -0.0014631982250139118 0.0023498344140523296 -0.0049906295194092759
leaf_weight=236 30 13.000000000000002 168 12.999999999999998 29 11.999999999999998 10.000000000000002 20 10.999999999999998 9.9999999999999982 19 45 127 419
leaf_count=236 30 13 168 13 29 12 10 20 11 10 19 45 127 419
internal_value=3.37855e-11 0.0403138 -0.00334383 0.0672265 0.00129917 0.029207 0.0321697 -0.00608148 0.0409262 0.0100845 0.00034478 0.00218751 0.00331273 -0.00474111
internal_weight=1162 89 1073 26 398 63 51 675 21 39 359 191 146 439
internal_count=1162 89 1073 26 398 63 51 675 21 39 359 191 146 439
is_linear=0
shrinkage=0.03


Tree=7
num_leaves=15
num_cat=0
split_feature=0 78 0 17 83 0 0 74 76 18 12 66 28 61
split_gain=163.759 27.9214 14.2586 6.84914 4.66268 3.48872 2.37493 1.54432 1.45246 0.990627 0.853597 0.955897 0.660934 0.634005
threshold=0.38850000000000001 4.9271115977077455 -0.48449999999999993 5.5329166666666678 4.243603398345658 -0.024499999999999997 -0.65949999999999986 2.8239747765943184 2.1513276129652374 0.39234894014050675 2.8550000000000004 68.750000000000014 17.854583333333334 3.6041666666666674
decision_type=2 2 2 2 2 2 2 2 2 2 2 2 2 2
left_child=2 3 6 4 9 8 -1 -7 -4 -2 11 -10 -13 -8
right_child=1 -3 5 -5 -6 7 13 -9 10 -11 -12 12 -14 -15
leaf_value=-0.0086709268958435441 0.025402433988524646 0.073685357430401971 -0.0017463245742994065 0.052728686441074715 0.045741192162036891 0.0062763441456802956 0.00047178457863628867 0.019948083132505418 0.0121593813970685 0.014871434301137923 -0.0014377772441490533 -0.00058493323349726508 0.0039271750004263592 -0.0049849634185356118
leaf_weight=197 41 17 164 10.999999999999998 9.9999999999999982 29 20 9.9999999999999982 9.9999999999999982 9.9999999999999982 47 42 96 458
leaf_count=197 41 17 164 11 10 29 20 10 10 10 47 42 96 458
internal_value=1.57191e-12 0.0391044 -0.00324352 0.0309395 0.0270103 0.00126019 -0.00589904 0.00978192 0.000334436 0.0233375 0.00208441 0.00320294 0.00255392 -0.00475665
internal_weight=1162 89 1073 72 61 398 675 39 359 51 195 148 138 478
internal_count=1162 89 1073 72 61 398 675 39 359 51 195 148 138 478
is_linear=0
shrinkage=0.03


Tree=8
num_leaves=15
num_cat=0
split_feature=0 77 0 29 0 0 74 76 18 12 66 91 17 62
split_gain=154.081 26.5639 13.4159 11.4104 3.28253 2.23466 1.45305 1.36662 1.3208 0.80315 0.899403 0.632962 0.629285 0.59272
threshold=0.38850000000000001 4.9271115977077455 -0.48449999999999993 6.2418292661650403 -0.024499999999999997 -0.63449999999999995 2.8239747765943184 2.1513276129652374 0.39234894014050675 2.8550000000000004 68.750000000000014 0.063011750971779662 1.9158333333333337 0.038924947208014649
decision_type=2 2 2 2 2 2 2 2 2 2 2 2 2 2
left_child=2 3 5 8 7 -1 -6 -4 11 10 -9 -2 -12 -7
right_child=1 -3 4 -5 6 13 -8 9 -10 -11 12 -13 -14 -15
leaf_value=-0.0080459476364776496 0.030166379050775009 0.071661082506179807 -0.0016939348098054413 0.055409853458404539 0.0060880538898295368 4.4672808051109316e-05 0.01934963983297348 0.011794600155204534 0.014425291478633881 -0.0013946439876676873 -0.00099797562017504664 0.023311263587739731 0.0036582281547417701 -0.0047133758237085689
leaf_weight=240 22 17 164 12.999999999999998 29 25 9.9999999999999982 9.9999999999999982 9.9999999999999982 47 35 27 103 410
leaf_count=240 22 17 164 13 29 25 10 10 10 47 35 27 103 410
internal_value=-7.9386e-11 0.0379313 -0.00314621 0.0299673 0.00122239 -0.00572207 0.00948846 0.000324403 0.0243613 0.00202188 0.00310685 0.0263891 0.00247731 -0.00443992
internal_weight=1162 89 1073 72 398 675 39 359 59 195 148 49 138 435
internal_count=1162 89 1073 72 398 675 39 359 59 195 148 49 138 435
is_linear=0
shrinkage=0.03


Tree=9
num_leaves=15
num_cat=0
split_feature=0 77 0 29 0 0 74 75 18 89 62 62 61 40
split_gain=144.975 24.994 12.6231 10.7361 3.08854 2.12099 1.36718 1.28752 1.24274 0.747743 0.615167 0.607785 0.587042 1.25209
threshold=0.38850000000000001 4.9271115977077455 -0.48449999999999993 6.2418292661650403 -0.024499999999999997 -0.66249999999999998 2.8239747765943184 2.1936679914508099 0.39234894014050675 -0.44449999999999995 0.090453403373321875 0.06513389472790139 3.6041666666666674 0.060163905647050112
decision_type=2 2 2 2 2 2 2 2 2 2 2 2 2 2
left_child=2 3 5 8 7 -1 -6 -4 10 -9 -2 -11 13 -7
right_child=1 -3 4 -5 6 12 -8 9 -10 11 -12 -13 -14 -15
leaf_value=-0.008237188776856974 0.020282563013689855 0.069511246330597826 -0.0016009653811540504 0.053747558685449448 0.0059054122698204269 0.0080410650372505152 0.018769150793552399 0.0059624921932949554 0.013992532521486281 0.0030317223174987653 0.027723332660538808 -0.00071461234905291352 -0.0047143072031228051 -0.0069714677184820172
leaf_weight=190 13.999999999999998 17 168 12.999999999999998 29 10.000000000000002 9.9999999999999982 35 9.9999999999999982 76 35 80 465 9.9999999999999982
leaf_count=190 14 17 168 13 29 10 10 35 10 76 35 80 465 10
internal_value=-2.4194e-11 0.0367933 -0.00305182 0.0290683 0.00118572 -0.0055504 0.00920381 0.000314671 0.0236305 0.00199963 0.0255974 0.00111053 -0.00449785 0.000534799
internal_weight=1162 89 1073 72 398 675 39 359 59 191 49 156 485 20
internal_count=1162 89 1073 72 398 675 39 359 59 191 49 156 485 20
is_linear=0
shrinkage=0.03


Tree=10
num_leaves=15
num_cat=0
split_feature=0 78 0 17 83 0 0 79 76 18 12 66 17 61
split_gain=136.407 23.5757 11.877 5.75025 3.87099 2.906 1.9976 1.28979 1.21405 0.81254 0.733387 0.82884 0.570084 0.546659
threshold=0.38850000000000001 4.9271115977077455 -0.48449999999999993 5.5329166666666678 4.243603398345658 -0.024499999999999997 -0.65949999999999986 2.2114553270303654 2.1513276129652374 0.39234894014050675 2.8550000000000004 68.750000000000014 1.9158333333333337 3.6041666666666674
decision_type=2 2 2 2 2 2 2 2 2 2 2 2 2 2
left_child=2 3 6 4 9 8 -1 -7 -4 -2 11 -10 -13 -8
right_child=1 -3 5 -5 -6 7 13 -9 10 -11 -12 12 -14 -15
leaf_value=-0.0079260604957184806 0.023110306219356818 0.067465611135258396 -0.0015971069571437178 0.048151747096668585 0.041653438746929165 0.0057240084507342035 0.00051875458471477027 0.018218376427888872 0.011281918454915284 0.013572756618261338 -0.0013596240746134773 -0.00097018993805561755 0.0034615852994854487 -0.0045481839441027351
leaf_weight=197 41 17 164 10.999999999999998 9.9999999999999982 29 20 9.9999999999999982 9.9999999999999982 9.9999999999999982 47 35 103 458
leaf_count=197 41 17 164 11 10 29 20 10 10 10 47 35 103 458
internal_value=2.65316e-12 0.0356895 -0.00296027 0.0281869 0.0245866 0.00115015 -0.00538389 0.00892769 0.000305231 0.0212402 0.00190515 0.00294193 0.00233758 -0.00433618
internal_weight=1162 89 1073 72 61 398 675 39 359 51 195 148 138 478
internal_count=1162 89 1073 72 61 398 675 39 359 51 195 148 138 478
is_linear=0
shrinkage=0.03


Tree=11
num_leaves=15
num_cat=0
split_feature=0 77 0 28 0 0 74 3 75 52 14 35 62 40
split_gain=128.345 22.3879 11.1751 9.49845 2.73426 1.89053 1.22036 1.15217 1.14411 0.645163 0.635929 0.590374 0.512922 1.28853
threshold=0.38850000000000001 4.9271115977077455 -0.48449999999999993 47.830000000000005 -0.024499999999999997 -0.63449999999999995 2.8239747765943184 2.3850000000000002 3.5122931406500473 5.7500000000000009 0.017078251276735474 2.4062500000000004 0.038924947208014649 0.054320697028722546
decision_type=2 2 2 2 2 2 2 2 2 2 2 2 2 2
left_child=2 3 5 7 8 -1 -6 9 10 -2 -4 -12 13 -7
right_child=1 -3 4 -5 6 12 -8 -9 -10 -11 11 -13 -14 -15
leaf_value=-0.0073598457174375654 0.022007350325584412 0.065584147327086506 0.0067007591819856311 0.05167260557413101 0.0055436044756387321 0.0084702246151864505 0.017697008907794951 0.013660459382967515 0.003119314840241139 0.029348042719066141 -0.0015902177725176244 0.0026058801807729258 -0.0042974596541465781 -0.0054322718977928156
leaf_weight=240 33 17 9.9999999999999982 11.999999999999998 29 10.000000000000002 9.9999999999999982 10.999999999999998 95 15.999999999999998 219 35 410 14.999999999999998
leaf_count=240 33 17 10 12 29 10 10 11 95 16 219 35 410 15
internal_value=3.51737e-11 0.0346189 -0.00287146 0.0273076 0.00111564 -0.00522238 0.00865986 0.0224346 0.000296074 0.0244043 -0.000719865 -0.00101202 -0.00404308 0.000128727
internal_weight=1162 89 1073 72 398 675 39 60 359 49 264 254 435 25
internal_count=1162 89 1073 72 398 675 39 60 359 49 264 254 435 25
is_linear=0
shrinkage=0.03


Tree=12
num_leaves=15
num_cat=0
split_feature=0 73 0 83 0 30 53 0 79 75 89 62 20 61
split_gain=120.76 21.0876 10.5146 3.86198 2.57266 1.81051 2.35055 1.78643 1.15119 1.09434 0.650935 0.527769 0.514359 0.486261
threshold=0.38850000000000001 10.142657000651935 -0.48449999999999993 4.4895415650475909 -0.024499999999999997 2.2550000000000003 5.7500000000000009 -0.66249999999999998 2.2114553270303654 2.1936679914508099 -0.44449999999999995 0.06513389472790139 17.485000000000003 3.6041666666666674
decision_type=2 2 2 2 2 2 2 2 2 2 2 2 2 2
left_child=2 5 7 -3 9 6 -2 -1 -6 -4 12 -12 -11 -9
right_child=1 3 4 -5 8 -7 -8 13 -10 10 11 -13 -14 -15
leaf_value=-0.0075314959217058991 0.021700022624384974 0.045607022089617581 -0.0014788990031437217 0.068800103664398191 0.0053734076696504221 0.014225237461236807 0.035100913957545631 0.00048060581088066101 0.017177375346422195 0.011288355812430382 0.0028013302586929823 -0.00068970177759183568 0.0032379360951483248 -0.0042967270061736564
leaf_weight=190 31 14.000000000000002 168 11.999999999999998 29 12.999999999999998 19 20 9.9999999999999982 9.9999999999999982 76 80 25 465
leaf_count=190 31 14 168 12 29 13 19 20 10 10 76 80 25 465
internal_value=1.12549e-12 0.0335803 -0.00278532 0.0563115 0.00108217 0.0241991 0.0267924 -0.0050657 0.00840007 0.000287192 0.00184061 0.00101106 0.00553806 -0.00409972
internal_weight=1162 89 1073 26 398 63 50 675 39 359 191 156 35 485
internal_count=1162 89 1073 26 398 63 50 675 39 359 191 156 35 485
is_linear=0
shrinkage=0.03


Tree=13
num_leaves=15
num_cat=0
split_feature=0 77 0 29 0 0 7 75 18 14 37 91 76 57
split_gain=113.623 19.9627 9.89323 8.58856 2.42062 1.68776 1.09044 1.03192 0.961239 0.571795 0.544092 0.525667 0.473346 1.50187
threshold=0.38850000000000001 4.9271115977077455 -0.48449999999999993 6.2418292661650403 -0.024499999999999997 -0.63449999999999995 2.8239747765943184 3.5122931406500473 0.39234894014050675 0.017078251276735474 2.4356250000000004 0.063011750971779662 2.3187090282291272 3.7375000000000012
decision_type=2 2 2 2 2 2 2 2 2 2 2 2 2 2
left_child=2 3 5 8 7 -1 -6 9 11 -4 -11 -2 -7 -14
right_child=1 -3 4 -5 6 12 -8 -9 -10 10 -12 -13 13 -15
leaf_value=-0.0069333229465410109 0.02597752649675716 0.061812882353277761 0.0063502269359305497 0.047742406313235938 0.0050038843708378926 -0.0047082094022199133 0.016151430959051305 0.0029598219275204954 0.012329003334045411 -0.0015275331416936243 0.0024534916959237309 0.01973038587305281 0.0086085412949323641 -0.0033212709227310754
leaf_weight=240 22 17 9.9999999999999982 12.999999999999998 28 236 10.999999999999998 95 9.9999999999999982 218 36 27 9.9999999999999982 189
leaf_count=240 22 17 10 13 28 236 11 95 10 218 36 27 10 189
internal_value=-5.94238e-11 0.0325729 -0.00270176 0.025669 0.00104971 -0.00491373 0.00814806 0.000278576 0.0208054 -0.000686266 -0.000963293 0.0225352 -0.00379948 -0.00272178
internal_weight=1162 89 1073 72 398 675 39 359 59 264 254 49 435 199
internal_count=1162 89 1073 72 398 675 39 359 59 264 254 49 435 199
is_linear=0
shrinkage=0.03


Tree=14
num_leaves=15
num_cat=0
split_feature=0 78 0 17 83 0 0 48 76 12 66 18 17 61
split_gain=106.908 18.8363 9.30854 4.64321 3.1177 2.27756 1.60484 1.03702 0.987138 0.620359 0.724561 0.618928 0.483076 0.440484
threshold=0.38850000000000001 4.9271115977077455 -0.48449999999999993 5.5329166666666678 4.243603398345658 -0.024499999999999997 -0.66749999999999987 3.4981250000000004 2.1513276129652374 2.8550000000000004 68.750000000000014 0.39234894014050675 1.9158333333333337 3.6041666666666674
decision_type=2 2 2 2 2 2 2 2 2 2 2 2 2 2
left_child=2 3 6 4 11 8 -1 -7 -4 10 -10 -2 -12 -8
right_child=1 -3 5 -5 -6 7 13 -9 9 -11 12 -13 -14 -15
leaf_value=-0.0072199760415291372 0.020283178410878993 0.059998821510988121 -0.0014451535292347416 0.042829825336282899 0.036970703780651093 0.0017157303541898727 0.00046760812215507029 0.011771054193377494 0.010464155321940779 -0.0012897768637482473 -0.00094351738744548374 0.011959132969379425 0.0031360662030819031 -0.0040767426498105764
leaf_weight=177 41 17 164 10.999999999999998 9.9999999999999982 14.999999999999998 20 24 9.9999999999999982 47 35 9.9999999999999982 103 478
leaf_count=177 41 17 164 11 10 15 20 24 10 47 35 10 103 478
internal_value=-2.46517e-11 0.0315957 -0.00262071 0.0248894 0.0216542 0.00101822 -0.00476632 0.00790362 0.000270219 0.00171289 0.00266644 0.018651 0.00210139 -0.00389424
internal_weight=1162 89 1073 72 61 398 675 39 359 195 148 51 138 498
internal_count=1162 89 1073 72 61 398 675 39 359 195 148 51 138 498
is_linear=0
shrinkage=0.03


Tree=15
num_leaves=15
num_cat=0
split_feature=0 77 0 28 0 0 41 31 76 62 12 78 67 5
split_gain=100.59 17.8807 8.75841 7.62499 2.16457 1.51 1.27922 0.897304 0.862776 0.553998 0.512101 0.752376 0.42267 0.550112
threshold=0.38850000000000001 4.9271115977077455 -0.48449999999999993 47.830000000000005 -0.15049999999999997 -0.66749999999999987 4.2250000000000005 2.2850000000000006 2.1513276129652374 0.090453403373321875 2.7950000000000004 2.8122424022688945 100.92000000000002 5.8500000000000005
decision_type=2 2 2 2 2 2 2 2 2 2 2 2 2 2
left_child=2 3 5 7 8 -1 -6 9 -4 -2 11 -10 13 -7
right_child=1 -3 4 -5 6 12 -8 -9 10 -11 -12 -13 -14 -15
leaf_value=-0.0070033766644991046 0.016442376034600394 0.058321084415211395 -0.0017294437244402758 0.045944155752658845 0.0035317192615475505 -0.0033559759823291683 0.013078667297959328 0.012004658688198437 0.0084326260769739744 0.023503526789801461 -0.0014051252244760028 0.0014700858878773447 0.0023280317606404421 -0.0057588137968166454
leaf_weight=177 13.999999999999998 17 152 11.999999999999998 60 377 15.999999999999998 10.999999999999998 15.999999999999998 35 44 110 9.9999999999999982 111
leaf_count=177 14 17 152 12 60 377 16 11 16 35 44 110 10 111
internal_value=-3.06714e-11 0.0306478 -0.00254208 0.0241139 0.000987669 -0.00462333 0.0055416 0.0197478 -8.71723e-05 0.0214861 0.00138121 0.00235422 -0.00377741 -0.00390252
internal_weight=1162 89 1073 72 398 675 76 60 322 49 170 126 498 488
internal_count=1162 89 1073 72 398 675 76 60 322 49 170 126 498 488
is_linear=0
shrinkage=0.03


Tree=16
num_leaves=15
num_cat=0
split_feature=0 77 0 0 0 0 41 78 18 78 89 62 7 70
split_gain=94.6448 16.824 8.24079 7.18697 2.03912 1.43461 1.30701 0.748041 0.695242 0.671869 0.453606 0.545976 0.403209 0.380575
threshold=0.38850000000000001 4.9271115977077455 -0.48449999999999993 2.0550000000000006 -0.17299999999999996 -0.63449999999999995 4.2250000000000005 2.5879000223302255 0.28409446558716717 2.8122424022688945 -0.56549999999999978 0.045226701686689512 3.5510745538318349 63.638750000000009
decision_type=2 2 2 2 2 2 2 2 2 2 2 2 2 2
left_child=2 3 5 8 7 -1 -6 -4 -2 -9 11 -7 -11 -13
right_child=1 -3 4 -5 6 10 -8 9 -10 12 -12 13 -14 -15
leaf_value=-0.0063466116446070373 0.020254006981849669 0.056571453178630153 -0.001514362601685806 0.041122613176703453 0.0032415348798036574 0.0038364466000348329 0.012686307085677981 0.00895190343260765 0.012534411453774997 -0.00087022424131616579 -0.00431045096342889 -0.0039449311848371643 0.002551633521604041 -0.0011303158201327597
leaf_weight=240 42 17 173 15.999999999999998 75 11.999999999999998 15.999999999999998 9.9999999999999982 13.999999999999998 61 245 104 63 74
leaf_count=240 42 17 173 16 75 12 16 10 14 61 245 104 63 74
internal_value=-2.34434e-13 0.0297284 -0.00246582 0.0233904 0.000958039 -0.00448463 0.00490215 -0.000211063 0.0183241 0.00147155 -0.00345733 -0.00235726 0.0008683 -0.00277481
internal_weight=1162 89 1073 72 398 675 91 307 56 134 435 190 124 178
internal_count=1162 89 1073 72 398 675 91 307 56 134 435 190 124 178
is_linear=0
shrinkage=0.03


Tree=17
num_leaves=15
num_cat=0
split_feature=0 73 0 83 0 60 84 0 41 76 67 89 61 40
split_gain=89.0513 15.9354 7.75376 3.04862 1.92018 1.39481 1.47531 1.35283 1.13109 0.768566 0.501812 0.468294 0.40489 1.07091
threshold=0.38850000000000001 10.142657000651935 -0.48449999999999993 4.4895415650475909 -0.15049999999999997 0.10690449676498352 0.45431803174559054 -0.66749999999999987 4.2250000000000005 2.1513276129652374 88.175000000000026 -0.55449999999999988 3.6041666666666674 0.060163905647050112
decision_type=2 2 2 2 2 2 2 2 2 2 2 2 2 2
left_child=2 5 7 -3 9 10 -7 -1 -6 -4 -2 -11 13 -9
right_child=1 3 4 -5 8 6 -8 12 -10 11 -12 -13 -14 -15
leaf_value=-0.0066028769390057704 0.010084623768925664 0.039086005772863107 -0.0016330682328139358 0.059692544341087339 0.0033285216046497227 0.020777775347232817 0.034266825556755066 0.0075744554288685291 0.012305717775598168 0.0063643135763704773 0.018651421219110488 0.00081302878013605464 -0.0037243788060586057 -0.0063094595521688461
leaf_weight=177 10.000000000000002 14.000000000000002 152 11.999999999999998 60 27 9.9999999999999982 10.000000000000002 15.999999999999998 14.999999999999998 15.999999999999998 155 478 9.9999999999999982
leaf_count=177 10 14 152 12 60 27 10 10 16 15 16 155 478 10
internal_value=2.16742e-11 0.0288365 -0.00239185 0.0485967 0.000929298 0.0206815 0.0244235 -0.00435009 0.00521846 -8.30503e-05 0.0153565 0.00130285 -0.0035494 0.000632498
internal_weight=1162 89 1073 26 398 63 37 675 76 322 26 170 498 20
internal_count=1162 89 1073 26 398 63 37 675 76 322 26 170 498 20
is_linear=0
shrinkage=0.03


Tree=18
num_leaves=15
num_cat=0
split_feature=0 78 0 17 83 0 0 41 78 78 18 89 62 37
split_gain=83.7883 15.069 7.29551 3.76735 2.48433 1.81368 1.28352 1.15435 0.6663 0.626284 0.494144 0.42545 0.49586 0.375595
threshold=0.38850000000000001 4.9271115977077455 -0.48449999999999993 5.5329166666666678 4.243603398345658 -0.17299999999999996 -0.63449999999999995 4.2250000000000005 2.5879000223302255 2.8122424022688945 0.39234894014050675 -0.56549999999999978 0.045226701686689512 2.3081250000000009
decision_type=2 2 2 2 2 2 2 2 2 2 2 2 2 2
left_child=2 3 6 4 10 8 13 -7 -4 -10 -2 12 -8 -1
right_child=1 -3 5 -5 -6 7 11 -9 9 -11 -12 -13 -14 -15
leaf_value=-0.0052192424860070729 0.017836573719978332 0.053375909959568694 -0.0014311969242323825 0.038133176077495917 0.032731493711471556 0.0030605045307427643 0.0037200963497161866 0.011936546629294753 0.008608993828296661 0.00080442985356409815 0.010398833870887757 -0.0040741080067747707 -0.0025804317231797559 -0.0078302803145987639
leaf_weight=170 41 17 173 10.999999999999998 9.9999999999999982 75 11.999999999999998 15.999999999999998 9.9999999999999982 124 9.9999999999999982 245 178 70
leaf_count=170 41 17 173 11 10 75 12 16 10 124 10 245 178 70
internal_value=-2.9447e-11 0.0279714 -0.00232009 0.0219732 0.0190591 0.000901419 -0.00421959 0.00462113 -0.000201166 0.00138686 0.0163782 -0.00324789 -0.0021825 -0.0059808
internal_weight=1162 89 1073 72 61 398 675 91 307 134 51 435 190 240
internal_count=1162 89 1073 72 61 398 675 91 307 134 51 435 190 240
is_linear=0
shrinkage=0.03


Tree=19
num_leaves=15
num_cat=0
split_feature=0 77 0 28 0 0 72 31 76 57 61 1 29 52
split_gain=78.8364 14.2483 6.91264 6.14634 1.70014 1.29836 0.821306 0.715034 0.610335 1.4819 0.781003 0.525255 0.668126 0.460995
threshold=0.38850000000000001 4.9271115977077455 -0.39249999999999996 47.830000000000005 -0.63449999999999995 -0.0054999999999999988 72.991250000000022 2.2850000000000006 2.2683161526133593 3.7125000000000008 9.0458333333333361 1.635 0.85218093774291537 5.7500000000000009
decision_type=2 2 2 2 2 2 2 2 2 2 2 2 2 2
left_child=2 3 4 7 -1 -4 -7 13 -6 -10 11 12 -11 -2
right_child=1 -3 5 -5 8 6 -8 -9 9 10 -12 -13 -14 -15
leaf_value=-0.0058013713550753888 0.016905245374549519 0.051835315157385431 0.00097793013507383418 0.040899294316768649 -0.0036526773769498589 0.0042837827631996735 0.014348297327756882 0.010467598004774613 0.0096692723259329798 -0.002545701595289366 0.0060699998326599596 -0.0030186387394205666 0.0076072442829608908 0.023110368624329566
leaf_weight=240 33 17 247 11.999999999999998 310 27 9.9999999999999982 10.999999999999998 9.9999999999999982 14.000000000000002 9.9999999999999982 195 9.9999999999999982 15.999999999999998
leaf_count=240 33 17 247 12 310 27 10 11 10 14 10 195 10 16
internal_value=-8.65075e-12 0.0271323 -0.00225049 0.0212996 -0.00369514 0.00176301 0.00700392 0.0173797 -0.00277439 -0.00163518 -0.00212883 -0.00250321 0.00168469 0.0189314
internal_weight=1162 89 1073 72 789 284 37 60 549 239 229 219 24 49
internal_count=1162 89 1073 72 789 284 37 60 549 239 229 219 24 49
is_linear=0
shrinkage=0.03


Tree=20
num_leaves=15
num_cat=0
split_feature=0 78 0 17 83 0 0 48 75 67 86 73 62 40
split_gain=74.1772 13.4247 6.50614 3.35544 2.19813 1.5206 1.24361 0.82108 0.682347 0.555625 0.458707 0.453745 0.400395 1.0106
threshold=0.38850000000000001 4.9271115977077455 -0.46549999999999997 5.5329166666666678 4.243603398345658 -0.024499999999999997 -0.64649999999999996 3.4237500000000005 3.5122931406500473 100.92000000000002 -0.44949999999999996 4.528036236931885 0.033896230333969268 0.054320697028722546
decision_type=2 2 2 2 2 2 2 2 2 2 2 2 2 2
left_child=2 3 6 4 11 8 -1 -7 10 12 -4 -2 13 -8
right_child=1 -3 5 -5 -6 7 9 -9 -10 -11 -12 -13 -14 -15
leaf_value=-0.005707968542500671 0.020486178919672967 0.050296769142150879 0.0037599559021847585 0.035907747257839545 0.030767384290695185 0.00082881762912230832 0.0079243717901408637 0.0099030978620052341 0.0025593664031475782 0.0039899140151683238 -0.00088441034555014782 0.013815203710244252 -0.003365201844217749 -0.0043878110870718958
leaf_weight=226 11.999999999999998 17 21 10.999999999999998 9.9999999999999982 13.999999999999998 10.000000000000002 25 93 9.9999999999999982 216 39 443 14.999999999999998
leaf_count=226 12 17 21 11 10 14 10 25 93 10 216 39 443 15
internal_value=1.91105e-11 0.0263183 -0.00218297 0.0206568 0.0179066 0.00104371 -0.00387423 0.00664566 0.000381659 -0.00300724 -0.000472884 0.0153848 -0.00315675 0.000537062
internal_weight=1162 89 1073 72 61 369 704 39 330 478 237 51 468 25
internal_count=1162 89 1073 72 61 369 704 39 330 478 237 51 468 25
is_linear=0
shrinkage=0.03


Tree=21
num_leaves=15
num_cat=0
split_feature=0 77 0 28 0 0 75 18 76 57 61 4 77 12
split_gain=69.7933 12.7635 6.16231 5.44219 1.55452 1.09641 0.756941 0.653219 0.519552 1.33649 0.705559 0.499135 0.49195 0.421465
threshold=0.38850000000000001 4.9271115977077455 -0.38499999999999995 47.830000000000005 -0.63449999999999995 -0.0054999999999999988 2.3366858927841743 0.39234894014050675 2.2683161526133593 3.7125000000000008 9.0458333333333361 5.1050000000000013 1.0819156556981404 2.8550000000000004
decision_type=2 2 2 2 2 2 2 2 2 2 2 2 2 2
left_child=2 3 4 7 -1 13 -7 -2 12 -10 11 -11 -6 -4
right_child=1 -3 5 -5 8 6 -8 -9 9 10 -12 -13 -14 -15
leaf_value=-0.0054601909874472769 0.017719717919826506 0.048909208353827976 0.0020322899261272735 0.038451191782951352 -0.0011822454970388206 0.0039809824857446885 0.013643075734376908 0.0093204562962055214 0.0092142515033483505 -0.002667033885289649 0.0058062705136835572 0.0038886836374347855 -0.0039978297081697412 -0.00059030485949008147
leaf_weight=240 50 17 145 11.999999999999998 72 27 9.9999999999999982 9.9999999999999982 9.9999999999999982 210 9.9999999999999982 10.999999999999998 249 89
leaf_count=240 50 17 145 12 72 27 10 10 10 210 10 11 249 89
internal_value=6.69488e-12 0.0255288 -0.00211748 0.0200084 -0.00343906 0.00179359 0.00659236 0.0163198 -0.00257594 -0.00152322 -0.00198805 -0.00234073 -0.0033663 0.00103481
internal_weight=1162 89 1073 72 802 271 37 60 562 241 231 221 321 234
internal_count=1162 89 1073 72 802 271 37 60 562 241 231 221 321 234
is_linear=0
shrinkage=0.03


Tree=22
num_leaves=15
num_cat=0
split_feature=0 73 0 12 0 60 0 84 41 78 78 67 7 66
split_gain=65.6686 12.019 5.80789 2.46206 1.46917 1.11807 1.02756 1.0267 0.926372 0.552789 0.559558 0.401952 0.336346 0.331499
threshold=0.38850000000000001 10.142657000651935 -0.48449999999999993 3.2650000000000001 -0.17299999999999996 0.10690449676498352 -0.66749999999999987 0.45431803174559054 4.2250000000000005 2.5879000223302255 2.8122424022688945 88.175000000000026 3.5510745538318349 56.855000000000004
decision_type=2 2 2 2 2 2 2 2 2 2 2 2 2 2
left_child=2 5 6 -3 9 11 -1 -7 -6 -4 -11 -2 -12 -8
right_child=1 3 4 -5 8 7 13 -9 -10 10 12 -13 -14 -15
leaf_value=-0.0057121320441365243 0.0081947266459464988 0.052704309225082374 -0.0012923254977475658 0.034018357217311862 0.0027701784506440163 0.017989478972223069 -0.0039174894713775599 0.029242317259311673 0.010721587892621755 0.0081010543406009675 -0.00086388687189042446 0.015861896350979805 0.0022614005408970457 -0.0023595850874307575
leaf_weight=177 10.000000000000002 11.000000000000002 173 14.999999999999998 75 27 221 9.9999999999999982 15.999999999999998 9.9999999999999982 61 15.999999999999998 63 277
leaf_count=177 10 11 173 15 75 27 221 10 16 10 61 16 63 277
internal_value=1.3525e-11 0.0247629 -0.00205396 0.041924 0.000820397 0.0176806 -0.00374877 0.0210308 0.00416823 -0.000171956 0.00127449 0.012913 0.000723961 -0.00305094
internal_weight=1162 89 1073 26 398 63 675 37 91 307 134 26 124 498
internal_count=1162 89 1073 26 398 63 675 37 91 307 134 26 124 498
is_linear=0
shrinkage=0.03


Tree=23
num_leaves=15
num_cat=0
split_feature=0 77 0 0 0 0 48 76 57 61 83 1 3 7
split_gain=61.7875 11.3666 5.48801 4.95851 1.33475 1.01671 0.731985 0.519405 1.25757 0.643969 0.494887 0.464622 0.55671 0.385943
threshold=0.38850000000000001 4.9271115977077455 -0.39249999999999996 2.0550000000000006 -0.63449999999999995 -0.024499999999999997 3.4237500000000005 2.2683161526133593 3.7125000000000008 9.0458333333333361 4.2066239542963251 1.6250000000000002 -0.024999999999999998 3.4346751958460158
decision_type=2 2 2 2 2 2 2 2 2 2 2 2 2 2
left_child=2 3 4 10 -1 13 -7 -6 -9 11 -2 12 -10 -4
right_child=1 -3 5 -5 7 6 -8 8 9 -11 -12 -13 -14 -15
leaf_value=-0.0051457751764683052 0.013287365170924558 0.046083938830039077 -3.9722602791434542e-05 0.03353919971734285 -0.0032739431656100934 0.00059050941706768108 0.0091583327293395991 0.0090009228056296704 -0.002428997326642274 0.0055773422978818415 0.020650951892137524 -0.0026692641190274469 0.0071552124917507167 0.0024301748010717951
leaf_weight=240 46 17 155 15.999999999999998 310 13.999999999999998 25 9.9999999999999982 12.000000000000002 9.9999999999999982 9.9999999999999982 197 9.9999999999999982 90
leaf_count=240 46 17 155 16 310 14 25 10 12 10 10 197 10 90
internal_value=3.44343e-12 0.02402 -0.00199234 0.0188105 -0.00327955 0.00158375 0.0060827 -0.00246372 -0.0014128 -0.00186754 0.0146023 -0.00220749 0.00192746 0.000867587
internal_weight=1162 89 1073 72 789 284 39 549 239 229 56 219 22 245
internal_count=1162 89 1073 72 789 284 39 549 239 229 56 219 22 245
is_linear=0
shrinkage=0.03


Tree=24
num_leaves=15
num_cat=0
split_feature=0 78 0 0 83 0 0 41 76 87 82 38 67 5
split_gain=58.1359 10.7435 5.17844 2.7399 1.78458 1.30731 0.915769 0.829924 0.493642 0.440191 0.383427 0.330629 0.312073 0.449182
threshold=0.38850000000000001 4.9271115977077455 -0.48449999999999993 2.0550000000000006 4.243603398345658 -0.17299999999999996 -0.66749999999999987 4.2250000000000005 2.1513276129652374 -0.46849999999999997 0.27009714357899522 0.097422068000061784 100.92000000000002 5.8500000000000005
decision_type=2 2 2 2 2 2 2 2 2 2 2 2 2 2
left_child=2 3 6 4 10 8 -1 -7 -4 11 -2 -10 13 -8
right_child=1 -3 5 -5 -6 7 12 -9 9 -11 -12 -13 -14 -15
leaf_value=-0.0053863947472329865 0.014779966348095943 0.044750141396242026 -0.0013772683379927261 0.031320678442716597 0.027186541914939879 0.0026163286071270702 -0.002487766934214907 0.010142436604946851 0.0086397125910628886 0.00038329700414619559 0.0086286937631666651 0.001284248661249876 0.0023720613447949291 -0.0046590189202814483
leaf_weight=177 38 17 151 11.999999999999998 9.9999999999999982 75 377 15.999999999999998 11.000000000000002 134 11.999999999999998 10.999999999999998 9.9999999999999982 111
leaf_count=177 38 17 151 12 10 75 377 16 11 134 12 11 10 111
internal_value=3.38125e-12 0.0232994 -0.00193257 0.0182347 0.0156175 0.000781562 -0.0035329 0.0039396 -0.000154535 0.00102901 0.0133037 0.00496198 -0.00287413 -0.00298164
internal_weight=1162 89 1073 72 60 398 675 91 307 156 50 22 498 488
internal_count=1162 89 1073 72 60 398 675 91 307 156 50 22 498 488
is_linear=0
shrinkage=0.03


Tree=25
num_leaves=15
num_cat=0
split_feature=85 73 0 12 0 3 53 0 6 76 57 61 4 77
split_gain=54.7043 10.1855 4.89028 2.13838 1.18423 1.01729 1.18986 0.902564 0.710819 0.474068 1.17845 0.589029 0.433143 0.374486
threshold=0.38850000000000001 10.142657000651935 -0.39249999999999996 3.2650000000000001 -0.63449999999999995 2.2550000000000003 5.7500000000000009 -0.0054999999999999988 81.125000000000014 2.2683161526133593 3.7125000000000008 9.0458333333333361 5.1050000000000013 1.0819156556981404
decision_type=2 2 2 2 2 2 2 2 2 2 2 2 2 2
left_child=2 5 4 -3 -1 6 -2 -4 -9 13 -11 12 -12 -6
right_child=1 3 7 -5 9 -7 -8 8 -10 10 11 -13 -14 -15
leaf_value=-0.0048476093422505067 0.01455393373966217 0.048446055975827282 0.00084649648096484062 0.031031665980815887 -0.0010510989710746797 0.0092620872110128396 0.02431040748953819 0.0033401651680469513 0.012703268855810164 0.0087635323321446773 -0.0023894439757994124 0.0053627253212034697 0.0037190043316646052 -0.0036271980854046598
leaf_weight=240 30 11.000000000000002 247 14.999999999999998 64 14.999999999999998 18 27 9.9999999999999982 9.9999999999999982 208 9.9999999999999982 10.999999999999998 246
leaf_count=240 30 11 247 15 64 15 18 27 10 10 208 10 11 246
internal_value=9.83118e-12 0.0226013 -0.00187467 0.0383993 -0.00308976 0.0160815 0.0182126 0.00150106 0.00587073 -0.0023213 -0.00131729 -0.0017575 -0.00208263 -0.00309536
internal_weight=1162 89 1073 26 789 63 48 284 37 549 239 229 219 310
internal_count=1162 89 1073 26 789 63 48 284 37 549 239 229 219 310
is_linear=0
shrinkage=0.03


Tree=26
num_leaves=15
num_cat=0
split_feature=85 77 0 29 0 0 42 5 78 78 4 83 7 72
split_gain=51.4713 9.64664 4.61156 4.21967 1.17269 0.817991 0.772826 0.630128 0.456861 0.48515 0.315711 0.312869 0.291239 0.288529
threshold=0.38850000000000001 4.9271115977077455 -0.48449999999999993 10.027345277730399 -0.17299999999999996 -0.6825 4.2250000000000005 9.4500000000000011 2.5879000223302255 2.8122424022688945 3.0250000000000004 4.2066239542963251 3.5510745538318349 99.266666666666694
decision_type=2 2 2 2 2 2 2 2 2 2 2 2 2 2
left_child=2 3 5 7 8 -1 -6 10 -4 -10 -2 -12 -11 -7
right_child=1 -3 4 -5 6 13 -8 -9 9 12 11 -13 -14 -15
leaf_value=-0.0054467784156176178 0.020169522196054456 0.042249484798487495 -0.0011622760231193487 0.034226675683801826 0.0024087636523905235 -0.0029176777973376465 0.0095019668603644643 0.0071541479006409642 0.007527717009186744 -0.0008189439301600405 0.01273598890150747 0.018838569670915604 0.0020892366072872565 0.0017864370287861673
leaf_weight=132 9.9999999999999982 17 173 10.999999999999998 74 531 17 9.9999999999999982 9.9999999999999982 61 31 9.9999999999999982 63 11.999999999999998
leaf_count=132 10 17 173 11 74 531 17 10 10 61 31 10 63 12
internal_value=2.00621e-12 0.0219233 -0.00181843 0.017124 0.000742843 -0.00332863 0.00373387 0.01404 -0.000143747 0.00117122 0.0153901 0.0142244 0.000658599 -0.00281372
internal_weight=1162 89 1073 72 398 675 91 61 307 134 51 41 124 543
internal_count=1162 89 1073 72 398 675 91 61 307 134 51 41 124 543
is_linear=0
shrinkage=0.03


Tree=27
num_leaves=15
num_cat=0
split_feature=85 73 0 0 83 0 50 94 76 57 61 77 4 7
split_gain=48.4294 9.09059 4.35803 2.00872 1.51074 1.09675 0.794279 0.465621 0.404548 1.11284 0.525223 0.417343 0.401608 0.373702
threshold=0.38850000000000001 11.391206299470349 -0.38499999999999995 2.0550000000000006 4.243603398345658 -0.63449999999999995 4.5725000000000007 0.096500000000000016 2.2683161526133593 3.7125000000000008 9.0458333333333361 1.0819156556981404 5.1050000000000013 3.4346751958460158
decision_type=2 2 2 2 2 2 2 2 2 2 2 2 2 2
left_child=2 3 5 4 -2 -1 7 13 11 -10 12 -7 -11 -4
right_child=1 -3 6 -5 -6 8 -8 -9 9 10 -12 -13 -14 -15
leaf_value=-0.0045729206203395734 0.012066815762221813 0.03966883797394602 -0.00020168408359383386 0.028718666195869443 0.024840215921401974 -0.00083606457958618793 0.0074400550342704113 0.00587373830816325 0.0085765943042642907 -0.002242489347364296 0.0050793550964444868 -0.0034293748458555664 0.0036379895901138127 0.0022646187818635339
leaf_weight=240 50 19 146 9.9999999999999982 9.9999999999999982 72 19 17 9.9999999999999982 210 9.9999999999999982 249 10.999999999999998 89
leaf_count=240 50 19 146 10 10 72 19 17 10 210 10 249 11 89
internal_value=3.77104e-12 0.0212656 -0.00176387 0.0162704 0.0141957 -0.00287526 0.00152517 0.0010792 -0.00215028 -0.00122135 -0.0016455 -0.0028477 -0.0019498 0.000732363
internal_weight=1162 89 1073 70 60 802 271 252 562 241 231 321 221 235
internal_count=1162 89 1073 70 60 802 271 252 562 241 231 321 221 235
is_linear=0
shrinkage=0.03


Tree=28
num_leaves=15
num_cat=0
split_feature=86 77 0 29 0 0 35 15 76 87 79 64 61 22
split_gain=45.5752 8.68502 4.10809 3.7179 1.05196 0.736372 0.644024 0.619422 0.473211 0.38588 0.368134 0.341867 0.271716 0.77751
threshold=0.38850000000000001 4.9271115977077455 -0.48449999999999993 10.027345277730399 -0.13149999999999998 -0.6825 2.4612500000000002 2.1418750000000002 2.1513276129652374 -0.44949999999999996 3.4891658779120238 85.705000000000013 3.6041666666666674 14.230000000000002
decision_type=2 2 2 2 2 2 2 2 2 2 2 2 2 2
left_child=2 3 5 6 8 -1 -2 -6 -4 11 -11 -10 13 -7
right_child=1 -3 4 -5 7 12 -8 -9 9 10 -12 -13 -14 -15
leaf_value=-0.0051461873338981105 0.014545728283769944 0.039915930769022771 -0.0011970347253867318 0.032129267562519416 0.0089478115737438198 0.0066988603742793177 0.0062194262668490412 0.0023834982032523207 0.0087304283380508392 -0.00097371372206208229 0.0019800995399694059 0.0018775620022298475 -0.0027791764363659863 -0.0051312614679336543
leaf_weight=132 51 17 153 10.999999999999998 18 10.000000000000002 9.9999999999999982 46 10.000000000000002 78 74 19 523 9.9999999999999982
leaf_count=132 51 17 153 11 18 10 10 46 10 78 74 19 523 10
internal_value=2.23098e-11 0.0206294 -0.00171111 0.0160757 0.000706309 -0.00313649 0.0131808 0.00422971 3.11657e-05 0.00106937 0.000464327 0.00424062 -0.00264794 0.000783799
internal_weight=1162 89 1073 72 398 675 61 64 334 181 152 29 543 20
internal_count=1162 89 1073 72 398 675 61 64 334 181 152 29 543 20
is_linear=0
shrinkage=0.03


Tree=29
num_leaves=15
num_cat=0
split_feature=86 77 0 28 0 0 63 35 76 61 61 1 41 37
split_gain=42.8817 8.17174 3.87466 3.50186 0.931481 0.724326 0.634393 0.581105 0.425243 1.00914 0.493458 0.423054 0.447891 0.325249
threshold=0.38850000000000001 4.9271115977077455 -0.40149999999999997 47.830000000000005 -0.63449999999999995 -0.0054999999999999988 81.125000000000014 2.4612500000000002 2.2683161526133593 3.7625000000000002 9.0458333333333361 1.6250000000000002 4.7650000000000006 2.3081250000000009
decision_type=2 2 2 2 2 2 2 2 2 2 2 2 2 2
left_child=2 3 4 7 13 -4 -7 -2 -6 -10 11 12 -11 -1
right_child=1 -3 5 -5 8 6 -8 -9 9 10 -12 -13 -14 -15
leaf_value=-0.0036046255156945654 0.013954922211170196 0.038718452874351952 0.00072909949583370925 0.030387529879808427 -0.0028106026046558234 0.0028323678165260288 0.011677810192108154 0.0060328434035181993 0.008209140468388795 -0.0021578378230333317 0.0049886841438710689 -0.0022466508287823559 0.006821047715842723 -0.0060343732716781747
leaf_weight=170 50 17 253 11.999999999999998 305 27 9.9999999999999982 9.9999999999999982 9.9999999999999982 10.000000000000002 9.9999999999999982 198 9.9999999999999982 70
leaf_count=170 50 17 253 12 305 27 10 10 10 10 10 198 10 70
internal_value=2.34723e-11 0.0200105 -0.00165977 0.0155934 -0.0027569 0.00130246 0.00522303 0.0126346 -0.00206899 -0.0011186 -0.00152771 -0.00182663 0.0023316 -0.0043133
internal_weight=1162 89 1073 72 783 290 37 60 543 238 228 218 20 240
internal_count=1162 89 1073 72 783 290 37 60 543 238 228 218 20 240
is_linear=0
shrinkage=0.03


Tree=30
num_leaves=15
num_cat=0
split_feature=86 77 0 0 0 0 43 35 78 78 66 59 37 7
split_gain=40.3474 7.68879 3.6582 3.31156 0.942698 0.659934 0.64077 0.460495 0.374375 0.416732 0.26102 0.817148 0.249426 0.243834
threshold=0.38850000000000001 4.9271115977077455 -0.48449999999999993 2.0550000000000006 -0.17299999999999996 -0.66749999999999987 4.2950000000000008 2.4612500000000002 2.5879000223302255 2.8122424022688945 56.855000000000004 3.6062500000000006 2.3081250000000009 3.5510745538318349
decision_type=2 2 2 2 2 2 2 2 2 2 2 2 2 2
left_child=2 3 5 7 8 12 -6 -2 -4 -10 -7 -12 -1 -11
right_child=1 -3 4 -5 6 10 -8 -9 9 13 11 -13 -14 -15
leaf_value=-0.003711821877172795 0.012954972341008808 0.037556899225010591 -0.0010456902200572805 0.027162239737808704 0.0021029066751082743 -0.003164749423308483 0.0084225929404298464 0.0058518581315875054 0.0069579332917928697 -0.00076038548986467566 0.0066371794212609523 -0.0020976780218155949 -0.0060814731116177606 0.0019006090008077165
leaf_weight=116 46 17 173 15.999999999999998 73 221 18 9.9999999999999982 9.9999999999999982 61 9.9999999999999982 267 61 63
leaf_count=116 46 17 173 16 73 221 18 10 10 61 10 267 61 63
internal_value=9.5836e-12 0.0194102 -0.00160998 0.0151256 0.000671228 -0.00295505 0.00335295 0.0116866 -0.000123682 0.00106667 -0.00239582 -0.00178234 -0.00452848 0.000591571
internal_weight=1162 89 1073 72 398 675 91 56 307 134 498 277 177 124
internal_count=1162 89 1073 72 398 675 91 56 307 134 498 277 177 124
is_linear=0
shrinkage=0.03


Tree=31
num_leaves=15
num_cat=0
split_feature=86 78 0 84 0 43 78 66 56 35 45 23 73 1
split_gain=37.9628 7.28295 3.45714 1.97903 1.02685 0.602901 0.58347 0.681008 0.578781 0.557154 0.38166 0.652609 0.337 0.253434
threshold=0.38850000000000001 4.9271115977077455 -0.50949999999999995 0.50372466530271531 -0.17299999999999996 4.2950000000000008 2.5879000223302255 68.310000000000016 5.7500000000000009 2.4612500000000002 1.9750000000000003 14.655000000000003 5.8900328370522557 1.7250000000000003
decision_type=2 2 2 2 2 2 2 2 2 2 2 2 2 2
left_child=2 3 8 9 6 -6 -4 -8 10 -2 11 -1 -10 -9
right_child=1 -3 4 -5 5 -7 7 13 12 -11 -12 -13 -14 -15
leaf_value=0.0066612411002543838 0.013474553059390252 0.036489187128403607 -0.0012730670786794741 0.024353461533784863 0.0020398194437259679 0.0081699152663350094 0.0087162538245320314 -0.0021245511442422866 -0.0044955960551107468 0.0056763023659586898 -0.0026381876491254471 -0.0016880386805860324 -0.0010106115465272783 0.0012134298741038625
leaf_weight=10.999999999999998 47 17 223 14.999999999999998 73 18 9.9999999999999982 25 231 9.9999999999999982 305 36 28 113
leaf_count=11 47 17 223 15 73 18 10 25 231 10 305 36 28 113
internal_value=6.26434e-12 0.0188279 -0.00156168 0.0146579 0.000396618 0.00325237 -0.000303848 0.00115653 -0.00304243 0.0121064 -0.00225041 0.000266048 -0.00411884 0.000608723
internal_weight=1162 89 1073 72 462 91 371 148 611 57 352 47 259 138
internal_count=1162 89 1073 72 462 91 371 148 611 57 352 47 259 138
is_linear=0
shrinkage=0.03


Tree=32
num_leaves=15
num_cat=0
split_feature=86 77 0 85 90 50 35 94 0 62 32 8 7 37
split_gain=35.7192 6.88927 3.26644 2.98951 0.822621 0.59388 0.381863 0.368211 0.311374 0.546532 0.532089 0.426066 0.299728 0.251102
threshold=0.38850000000000001 4.9271115977077455 -0.38499999999999995 2.0550000000000006 -0.66337499999999994 4.5725000000000007 2.4612500000000002 0.096500000000000016 -0.55249999999999988 0.028867513459398395 2.5250000000000004 1.635 3.4346751958460158 2.3081250000000009
decision_type=2 2 2 2 2 2 2 2 2 2 2 2 2 2
left_child=2 3 4 6 13 7 -2 12 9 -6 11 -10 -4 -1
right_child=1 -3 5 -5 8 -7 -8 -9 10 -11 -12 -13 -14 -15
leaf_value=-0.0034627198499219956 0.011987137059370677 0.035440378294271581 -0.00019790832711182765 0.025202755156685325 0.0043026145733892915 0.0064472258679176622 0.0055060132071375846 0.0052106565078172615 0.0029715193559726079 -0.0028240998180644548 0.0052273322370919315 -0.0017965135837226599 0.002010847276830104 -0.0058147587068378918
leaf_weight=128 45 17 146 17 9.9999999999999982 19 9.9999999999999982 17 18 307 10.999999999999998 268 89 60
leaf_count=128 45 17 146 17 10 19 10 17 18 307 11 268 89 60
internal_value=1.15128e-11 0.0182631 -0.00151483 0.0142073 -0.00247701 0.00133265 0.0108088 0.000947032 -0.00194536 -0.00259928 -0.0012474 -0.00149643 0.000638599 -0.00421337
internal_weight=1162 89 1073 72 802 271 55 252 614 317 297 286 235 188
internal_count=1162 89 1073 72 802 271 55 252 614 317 297 286 235 188
is_linear=0
shrinkage=0.03


Tree=33
num_leaves=15
num_cat=0
split_feature=86 73 0 12 90 3 53 0 24 76 57 61 1 29
split_gain=33.6082 6.53867 3.07628 1.58575 0.739516 0.717592 0.717622 0.579169 0.516661 0.354016 0.881928 0.432615 0.366169 0.496123
threshold=0.38850000000000001 10.142657000651935 -0.40149999999999997 3.2650000000000001 -0.66012499999999996 2.2550000000000003 5.7500000000000009 -0.13149999999999998 23.627500000000005 2.2683161526133593 3.7125000000000008 9.0458333333333361 1.635 0.73973436432240869
decision_type=2 2 2 2 2 2 2 2 2 2 2 2 2 2
left_child=2 5 4 -3 -1 6 -2 -4 -9 -6 -11 12 13 -12
right_child=1 3 7 -5 9 -7 -8 8 -10 10 11 -13 -14 -15
leaf_value=-0.0040317135834784211 0.011438983437316171 0.039024574106389813 0.00045663611942609749 0.024028315901756286 -0.0025638493114272533 0.0070038298470899464 0.019064738055070241 0.0093004947714507569 0.0023945740164400867 0.007657270230352879 -0.0019558306124347899 0.0046817330829799176 -0.0020749556825188356 0.0069322494976222513
leaf_weight=198 29 11.000000000000002 226 14.999999999999998 328 15.999999999999998 18 11.999999999999998 52 9.9999999999999982 13.000000000000002 9.9999999999999982 214 9.9999999999999982
leaf_count=198 29 11 226 15 328 16 18 12 52 10 13 10 214 10
internal_value=3.04975e-11 0.0177152 -0.00146939 0.0303729 -0.00244697 0.0124914 0.0143595 0.00117008 0.00368943 -0.00191059 -0.00107686 -0.00143047 -0.00168837 0.00190855
internal_weight=1162 89 1073 26 783 63 47 290 64 585 257 247 237 23
internal_count=1162 89 1073 26 783 63 47 290 64 585 257 247 237 23
is_linear=0
shrinkage=0.03


Tree=34
num_leaves=15
num_cat=0
split_feature=86 73 0 0 83 0 43 56 78 72 45 23 82 73
split_gain=31.622 6.18601 2.90993 1.41092 1.044 0.866424 0.521355 0.509667 0.498541 0.604896 0.337586 0.577988 0.311976 0.294853
threshold=0.38850000000000001 11.391206299470349 -0.50949999999999995 2.0550000000000006 4.243603398345658 -0.17299999999999996 4.2950000000000008 5.7500000000000009 2.5879000223302255 68.690000000000012 1.9750000000000003 14.655000000000003 0.27009714357899522 5.8900328370522557
decision_type=2 2 2 2 2 2 2 2 2 2 2 2 2 2
left_child=2 3 7 4 12 8 -7 10 -4 -10 11 -1 -2 -9
right_child=1 -3 5 -5 -6 6 -8 13 9 -11 -12 -13 -14 -15
leaf_value=0.0063445928743617102 0.010886269752916537 0.03236486114953694 -0.0011679947908107408 0.023495916366577149 0.020173090159893034 0.0018669757827771954 0.0075674486408631005 -0.004146327031413456 0.0082025907821953303 0.00056153981334200183 -0.0024052920168357306 -0.001512865963159129 0.0053376570530235768 -0.00088654204354887559
leaf_weight=10.999999999999998 38 19 223 9.9999999999999982 9.9999999999999982 73 18 231 9.9999999999999982 138 305 36 11.999999999999998 28
leaf_count=11 38 19 223 10 10 73 18 231 10 138 305 36 12 28
internal_value=-5.09715e-12 0.0171837 -0.00142531 0.0130631 0.0113244 0.00037134 0.00299454 -0.00278382 -0.000272087 0.00107783 -0.00204059 0.000326114 0.0095546 -0.00379392
internal_weight=1162 89 1073 70 60 462 91 611 371 148 352 47 50 259
internal_count=1162 89 1073 70 60 462 91 611 371 148 352 47 50 259
is_linear=0
shrinkage=0.03


Tree=35
num_leaves=15
num_cat=0
split_feature=86 77 0 29 0 50 33 62 35 8 94 61 7 87
split_gain=29.7531 5.86872 2.74819 2.5622 0.694533 0.502428 0.502262 0.449549 0.419404 0.354762 0.322026 0.312466 0.273941 0.233314
threshold=0.38850000000000001 4.9271115977077455 -0.38499999999999995 10.027345277730399 -0.5615 4.5725000000000007 2.5650000000000004 0.028867513459398395 2.4612500000000002 1.635 0.096500000000000016 6.2041666666666675 3.4346751958460158 -0.42949999999999994
decision_type=2 2 2 2 2 2 2 2 2 2 2 2 2 2
left_child=2 3 4 8 7 10 9 -1 -2 -6 12 -9 13 -4
right_child=1 -3 5 -5 6 -7 -8 11 -10 -11 -12 -13 -14 -15
leaf_value=0.003277402091771364 0.011623200476169585 0.032522256900282466 0.0037939851928967981 0.026251850399104031 0.0025286839823973803 0.0059336208307037225 0.0048015503026545047 -0.0026380934575309855 0.0049040050171315673 -0.0016963999230456615 0.0048618778552147832 -0.0043510625590264364 0.0018980566178693099 -0.00057243140383081415
leaf_weight=9.9999999999999982 51 17 11.999999999999998 10.999999999999998 19 19 11.999999999999998 319 9.9999999999999982 305 17 137 89 134
leaf_count=10 51 17 12 11 19 19 12 319 10 305 17 137 89 134
internal_value=2.47951e-11 0.0166682 -0.00138255 0.0129249 -0.0022651 0.0012293 -0.00122541 -0.00301475 0.0105217 -0.00144863 0.000874607 -0.00315274 0.000586166 -0.000213548
internal_weight=1162 89 1073 72 802 271 336 466 61 324 252 456 235 146
internal_count=1162 89 1073 72 802 271 336 466 61 324 252 456 235 146
is_linear=0
shrinkage=0.03


Tree=36
num_leaves=15
num_cat=0
split_feature=87 77 84 0 90 0 19 24 56 72 5 40 37 87
split_gain=28.0072 5.51928 2.58797 2.58686 0.635489 0.48583 0.468383 0.463745 0.328758 0.290532 0.332107 0.284414 0.231825 0.231083
threshold=0.38850000000000001 4.9271115977077455 0.56688892214847353 -0.40149999999999997 -0.66337499999999994 -0.13149999999999998 39.580000000000005 23.627500000000005 4.9500000000000011 99.266666666666694 5.8500000000000005 0.057885722683920476 2.3081250000000009 -0.44949999999999996
decision_type=2 2 2 2 2 2 2 2 2 2 2 2 2 2
left_child=3 2 6 4 12 13 8 -7 -2 10 -6 -12 -1 -5
right_child=1 -3 -4 5 9 7 -8 -9 -10 -11 11 -13 -14 -15
leaf_value=-0.0030370135398698037 0.012528525888919831 0.031546588277115539 0.025259665846824646 0.0040234948405995959 -0.0014649776432731224 0.0087024392373859887 0.015924972295761109 0.0021597135566228712 0.0072201124344553266 0.0016257818140597506 0.0011127541959285736 -0.003536421630279462 -0.0052969657033681864 0.00016983818920479282
leaf_weight=128 14.999999999999998 17 11.999999999999998 14.999999999999998 427 11.999999999999998 9.9999999999999982 52 35 22 12.999999999999998 133 60 211
leaf_count=128 15 17 12 15 427 12 10 52 35 22 13 133 60 211
internal_value=-6.59157e-12 0.0161718 0.0125416 -0.00134137 -0.00223782 0.00107904 0.00999803 0.00338647 0.00881264 -0.00175741 -0.0018873 -0.00312245 -0.00375827 0.000425612
internal_weight=1162 89 72 1073 783 290 60 64 50 595 573 146 188 226
internal_count=1162 89 72 1073 783 290 60 64 50 595 573 146 188 226
is_linear=0
shrinkage=0.03


Tree=37
num_leaves=15
num_cat=0
split_feature=87 73 0 12 0 3 53 44 56 78 66 45 23 73
split_gain=26.352 5.21795 2.45233 1.3641 0.727427 0.683791 0.499077 0.490245 0.433468 0.42958 0.563196 0.309245 0.533367 0.257749
threshold=0.38850000000000001 10.142657000651935 -0.50949999999999995 3.2650000000000001 -0.17299999999999996 2.2550000000000003 5.7500000000000009 4.3750000000000009 5.7500000000000009 2.5879000223302255 68.310000000000016 1.9750000000000003 14.655000000000003 5.8900328370522557
decision_type=2 2 2 2 2 2 2 2 2 2 2 2 2 2
left_child=2 5 8 -3 9 6 -2 -6 11 -4 -11 12 -1 -10
right_child=1 3 4 -5 7 -7 -8 -9 13 10 -12 -13 -14 -15
leaf_value=0.0061838401227512141 0.010417228953705894 0.035018262863159164 -0.0010729878236781889 0.021109478682279588 0.0015831330858505474 0.0060783510779341054 0.016866237670183182 0.0069005946032702917 -0.0038092855456611746 0.007886522691696882 0.00051355455563917404 -0.0022118944368462582 -0.0013642275036545471 -0.00076149803852396353
leaf_weight=10.999999999999998 27 11.000000000000002 223 14.999999999999998 71 18 18 20 231 9.9999999999999982 138 305 36 28
leaf_count=11 27 11 223 15 71 18 18 20 231 10 138 305 36 28
internal_value=4.19538e-12 0.0156866 -0.00130113 0.026994 0.000348212 0.0110201 0.0129968 0.00275181 -0.00254826 -0.000241349 0.00101173 -0.00186283 0.000402342 -0.0034798
internal_weight=1162 89 1073 26 462 63 45 91 611 371 148 352 47 259
internal_count=1162 89 1073 26 462 63 45 91 611 371 148 352 47 259
is_linear=0
shrinkage=0.03


Tree=38
num_leaves=15
num_cat=0
split_feature=92 78 0 84 0 45 33 71 62 35 1 46 0 7
split_gain=24.7969 4.78005 2.43197 1.80676 0.639791 0.519878 0.501364 0.457501 0.40271 0.402625 0.30167 0.387045 0.276273 0.221607
threshold=0.46575000000000005 4.9271115977077455 -0.36849999999999994 0.50372466530271531 -0.5615 4.6150000000000011 2.5650000000000004 3.6171275129586733 0.028867513459398395 2.4612500000000002 1.635 4.2237500000000008 -0.76999999999999991 3.4346751958460158
decision_type=2 2 2 2 2 2 2 2 2 2 2 2 2 2
left_child=2 3 4 9 8 13 10 -7 -1 -2 11 -6 -10 -4
right_child=1 -3 5 -5 6 7 -8 -9 12 -11 -12 -13 -14 -15
leaf_value=0.0031934834383428095 0.010909541686375935 0.029750622721279367 0.00010642071497332996 0.022066409702484423 -0.0018991809189319606 0.0013721466989619117 0.0044906709289976527 0.0093311881445921393 -0.0051520573364740065 0.0045068404213948676 -0.0015226164527292199 0.0064475579224526885 -0.002651148083347384 0.0020190720204846004
leaf_weight=9.9999999999999982 45 17 136 12.999999999999998 10.000000000000002 13.000000000000002 13.999999999999998 12.999999999999998 44 10.999999999999998 323 9.9999999999999982 412 91
leaf_count=10 45 17 136 13 10 13 14 13 44 11 323 10 412 91
internal_value=6.05169e-12 0.0155015 -0.00123897 0.0119908 -0.00202975 0.00133341 -0.0010741 0.00535167 -0.00276186 0.00965187 -0.00130123 0.00227419 -0.00289246 0.000873166
internal_weight=1162 86 1076 69 823 253 357 26 466 56 343 20 456 227
internal_count=1162 86 1076 69 823 253 357 26 466 56 343 20 456 227
is_linear=0
shrinkage=0.03


Tree=39
num_leaves=15
num_cat=0
split_feature=87 77 84 0 0 44 19 61 78 72 56 62 65 83
split_gain=23.3395 4.66701 2.20408 2.17775 0.655054 0.437545 0.403801 0.397582 0.38045 0.508599 0.301269 0.242605 0.472355 0.231569
threshold=0.38850000000000001 4.9271115977077455 0.56688892214847353 -0.50949999999999995 -0.17299999999999996 4.3750000000000009 39.580000000000005 5.8375000000000004 2.5879000223302255 68.690000000000012 4.9500000000000011 0.038924947208014649 58.355000000000011 3.0125782357957678
decision_type=2 2 2 2 2 2 2 2 2 2 2 2 2 2
left_child=3 2 6 7 8 -6 10 11 -5 -10 -2 12 -1 -9
right_child=1 -3 -4 4 5 -7 -8 13 9 -11 -12 -13 -14 -15
leaf_value=-0.0032048461362719524 0.011533804565668106 0.028900788724422453 0.023161581158637999 -0.001012339922126394 0.0015065852668903715 0.006530115623027086 0.014580479264259337 -0.0036676919399428048 0.0074826220404356717 0.00047613353605139186 0.0064521639235317705 -0.0019881088497910879 0.006015992492437363 -2.736662788426175e-05
leaf_weight=10.000000000000002 14.999999999999998 17 11.999999999999998 223 71 20 9.9999999999999982 210 9.9999999999999982 138 35 364 9.9999999999999982 17
leaf_count=10 15 17 12 223 71 20 10 210 10 138 35 364 10 17
internal_value=-4.30227e-12 0.0147628 0.0114247 -0.0012245 0.000329763 0.00261066 0.00907729 -0.00239974 -0.000229701 0.000949545 0.00797666 -0.00181135 0.00140557 -0.00339507
internal_weight=1162 89 72 1073 462 91 60 611 371 148 50 384 20 227
internal_count=1162 89 72 1073 462 91 60 611 371 148 50 384 20 227
is_linear=0
shrinkage=0.03


Tree=40
num_leaves=15
num_cat=0
split_feature=92 77 0 84 90 45 71 19 56 40 59 0 72 5
split_gain=21.9617 4.25598 2.16953 2.02137 0.570991 0.458623 0.417521 0.367636 0.31759 0.260984 0.633151 0.469493 0.312506 0.284871
threshold=0.46575000000000005 4.9271115977077455 -0.36849999999999994 0.56688892214847353 -0.66012499999999996 4.6150000000000011 3.6171275129586733 39.580000000000005 4.9500000000000011 0.054320697028722546 3.6062500000000006 -0.51149999999999995 99.266666666666694 5.8500000000000005
decision_type=2 2 2 2 2 2 2 2 2 2 2 2 2 2
left_child=2 3 4 7 -1 -4 -7 8 -2 10 -6 -12 13 -11
right_child=1 -3 5 -5 9 6 -8 -9 -10 12 11 -13 -14 -15
leaf_value=-0.0033168043622351954 0.011796640111849858 0.028033764449989094 0.00083135014224429774 0.022466734424233435 0.0065542764182795173 0.0012360778840397517 0.0088394058782320754 0.014143064975738525 0.0062835820545168487 -0.0014600925641905492 -0.002141725482238877 0.0015910117362315456 0.0018593058561673387 -0.003070231048687329
leaf_weight=198 12.999999999999998 17 227 11.999999999999998 10.999999999999998 13.000000000000002 12.999999999999998 9.9999999999999982 34 311 93 45 20 145
leaf_count=198 13 17 227 12 11 13 13 10 34 311 93 45 20 145
internal_value=3.24074e-12 0.0145884 -0.00116599 0.0112758 -0.00191288 0.00126363 0.00503774 0.0089198 0.00780847 -0.00146812 -0.000372402 -0.000924529 -0.00181111 -0.00197209
internal_weight=1162 86 1076 69 823 253 26 57 47 625 149 138 476 456
internal_count=1162 86 1076 69 823 253 26 57 47 625 149 138 476 456
is_linear=0
shrinkage=0.03


Tree=41
num_leaves=15
num_cat=0
split_feature=87 73 0 84 92 0 24 32 67 40 41 0 45 5
split_gain=20.6717 4.15848 1.94772 1.18654 0.490399 0.376951 0.371616 0.360807 0.252935 0.271038 0.715982 0.389095 0.262126 0.208644
threshold=0.38850000000000001 11.391206299470349 -0.40149999999999997 0.47030022412676464 -0.67543749999999991 -0.13149999999999998 23.627500000000005 2.3850000000000002 99.310000000000016 0.054320697028722546 1.8550000000000002 -0.51149999999999995 3.1650000000000005 5.8500000000000005
decision_type=2 2 2 2 2 2 2 2 2 2 2 2 2 2
left_child=2 3 4 7 -1 -4 -7 -2 9 10 -6 -12 -13 -11
right_child=1 -3 5 -5 8 6 -8 -9 -10 13 11 12 -14 -15
leaf_value=-0.0035118123046898593 0.0098831081073334874 0.02634051335485358 0.0003722604847692398 0.019101899378001691 0.0068496826409616251 0.0077390366047620767 0.0018821617454299346 0.0038474072422832249 0.0024141111357935839 -0.0015597892232745204 -0.0021209552492748233 -0.00032140140315856444 0.0051906614843755961 -0.0028804393578790743
leaf_weight=144 47 19 226 11.999999999999998 10.999999999999998 11.999999999999998 52 10.999999999999998 13.999999999999998 325 94 22 11.999999999999998 161
leaf_count=144 47 19 226 12 11 12 52 11 14 325 94 22 12 161
internal_value=-8.86264e-13 0.0138935 -0.0011524 0.010515 -0.00193026 0.000947834 0.00298033 0.00873841 -0.00157385 -0.00166318 -0.000495008 -0.00112619 0.00162403 -0.00199729
internal_weight=1162 89 1073 70 783 290 64 58 639 625 139 128 34 486
internal_count=1162 89 1073 70 783 290 64 58 639 625 139 128 34 486
is_linear=0
shrinkage=0.03


Tree=42
num_leaves=15
num_cat=0
split_feature=92 77 0 84 0 33 45 71 19 62 56 1 48 0
split_gain=19.4557 3.82824 1.92474 1.78079 0.517766 0.434046 0.41376 0.379796 0.339153 0.325234 0.293799 0.255332 0.344849 0.242011
threshold=0.46575000000000005 4.9271115977077455 -0.36849999999999994 0.56688892214847353 -0.5615 2.5650000000000004 4.6150000000000011 3.6171275129586733 39.580000000000005 0.028867513459398395 4.9500000000000011 1.635 4.1900000000000004 -0.76999999999999991
decision_type=2 2 2 2 2 2 2 2 2 2 2 2 2 2
left_child=2 3 4 8 9 11 -4 -8 10 -1 -2 12 -6 -11
right_child=1 -3 6 -5 5 -7 7 -9 -10 13 -12 -13 -14 -15
leaf_value=0.0028923543021082878 0.011146247891279366 0.026482674952815557 0.00078040692819672682 0.021092999354004861 -0.0018025256730616085 0.0042364681618554242 0.0011499211605853182 0.008401621534274175 0.013394623160362244 -0.0046917677552185269 0.005843703188412987 -0.0013562560755068914 0.0060761097930371764 -0.0023510648133738972
leaf_weight=9.9999999999999982 12.999999999999998 17 227 11.999999999999998 10.000000000000002 13.999999999999998 13.000000000000002 12.999999999999998 9.9999999999999982 44 34 323 9.9999999999999982 412
leaf_count=10 13 17 227 12 10 14 13 13 10 44 34 323 10 412
internal_value=-1.26121e-12 0.0137309 -0.00109745 0.0105891 -0.00180094 -0.000941245 0.001191 0.00477577 0.00837778 -0.00245956 0.00731036 -0.00115258 0.00213679 -0.00257692
internal_weight=1162 86 1076 69 823 357 253 26 57 466 47 343 20 456
internal_count=1162 86 1076 69 823 357 253 26 57 466 47 343 20 456
is_linear=0
shrinkage=0.03


Tree=43
num_leaves=15
num_cat=0
split_feature=87 73 0 12 30 7 0 0 73 87 0 53 72 5
split_gain=18.3086 3.72501 1.73901 1.11953 0.486162 0.460724 0.464499 0.379236 0.34218 0.432398 0.35259 0.310371 0.193877 0.285806
threshold=0.38850000000000001 10.142657000651935 -0.46549999999999997 3.2650000000000001 2.2550000000000003 3.5122931406500473 -0.0054999999999999988 -0.6865 6.8753728207289813 -0.44949999999999996 -0.17999999999999997 5.7500000000000009 98.343750000000014 5.8500000000000005
decision_type=2 2 2 2 2 2 2 2 2 2 2 2 2 2
left_child=2 4 7 -3 11 8 -7 -1 9 -4 -11 -2 13 -9
right_child=1 3 5 -5 -6 6 -8 12 -10 10 -12 -13 -14 -15
leaf_value=-0.0035682767971947386 0.008667381174034542 0.029898475462740107 0.003802439321217866 0.017298084050416947 0.0047974002406408539 0.001603469130861331 0.0081381159749898038 -0.0013798258520010731 -0.0026610548045629492 -0.00072282732476514587 0.0024861640720873286 0.013672126547286384 0.0012458269572816788 -0.0029429092755199494
leaf_weight=111 27 11.000000000000002 29 14.999999999999998 17 89 10.999999999999998 434 39 163 38 19 20 139
leaf_count=111 27 11 29 15 17 89 11 434 39 163 38 19 20 139
internal_value=7.51932e-12 0.0130753 -0.00108453 0.022629 0.00913247 0.000583661 0.00232228 -0.00195891 -6.26655e-05 0.000377931 -0.000116152 0.0107346 -0.00165766 -0.001759
internal_weight=1162 89 1073 26 63 369 100 704 269 230 201 46 593 573
internal_count=1162 89 1073 26 63 369 100 704 269 230 201 46 593 573
is_linear=0
shrinkage=0.03


Tree=44
num_leaves=15
num_cat=0
split_feature=92 78 0 84 0 33 94 82 62 50 40 49 61 93
split_gain=17.2275 3.40937 1.71328 1.26647 0.465034 0.401127 0.370454 0.321113 0.304759 0.256074 0.24689 0.350069 0.22181 0.219797
threshold=0.46575000000000005 4.9271115977077455 -0.36849999999999994 0.50372466530271531 -0.5615 2.5650000000000004 0.096500000000000016 0.29846049528713409 0.028867513459398395 4.6241666666666674 0.051075255720195424 0.105318390631902 6.2041666666666675 0.077095250347968255
decision_type=2 2 2 2 2 2 2 2 2 2 2 2 2 2
left_child=2 3 4 7 8 10 9 13 -1 -4 11 -6 -10 -2
right_child=1 -3 6 -5 5 -7 -8 -9 12 -11 -12 -13 -14 -15
leaf_value=0.0028601092323660847 0.013043211668729782 0.024954696367768682 0.00050889395851603082 0.018391441267270308 -0.00045579700106073443 0.0040958229957946705 0.0048462072872048753 0.0034027692802589046 -0.0020006035712557546 0.0045624637901782988 -0.0014250767595115474 0.0055713471736420278 -0.0034438440869868237 0.008000028484633992
leaf_weight=9.9999999999999982 9.9999999999999982 17 216 12.999999999999998 41 13.999999999999998 22 10.999999999999998 319 14.999999999999998 291 10.999999999999998 137 35
leaf_count=10 10 17 216 13 41 14 22 11 319 15 291 11 137 35
internal_value=2.26788e-12 0.0129207 -0.0010327 0.00995583 -0.00169642 -0.000881677 0.00112638 0.00799756 -0.0023206 0.000772113 -0.00108484 0.000819176 -0.00243421 0.00912074
internal_weight=1162 86 1076 69 823 357 253 56 466 231 343 52 456 45
internal_count=1162 86 1076 69 823 357 253 56 466 231 343 52 456 45
is_linear=0
shrinkage=0.03


Tree=45
num_leaves=15
num_cat=0
split_feature=87 83 85 0 0 44 0 94 29 32 62 56 18 30
split_gain=16.2112 3.3408 1.6933 1.54919 0.479003 0.415511 0.303977 0.255878 0.417665 0.219439 0.204807 0.204503 0.143054 0.138153
threshold=0.38850000000000001 4.4895415650475909 2.0550000000000006 -0.50949999999999995 -0.26799999999999996 4.3750000000000009 -0.74299999999999988 -0.51108333333333322 2.2650733785793729 0.78500000000000014 0.028867513459398395 4.9500000000000011 0.35743020214640492 2.6750000000000003
decision_type=2 2 2 2 2 2 2 2 2 2 2 2 2 2
left_child=3 2 11 6 7 12 -1 8 -5 -10 -8 -2 -6 -9
right_child=1 -3 -4 4 5 -7 10 13 9 -11 -12 -13 -14 -15
leaf_value=-0.0041392841996117074 0.009690713644027708 0.024265275720287773 0.017163194700291279 0.0058028664160519839 0.0013500932681751597 0.0056113191215055331 0.001781261113605329 -0.00086166679987759696 -0.0021883174662943928 0.0029432203248143198 -0.0018938278135505497 0.0055538491113111378 -0.0023895292013185097 0.0027321796948090193
leaf_weight=55 14.999999999999998 17 19 14.999999999999998 116 21 13.999999999999998 258 20 11.999999999999998 542 38 9.9999999999999982 9.9999999999999982
leaf_count=55 15 17 19 15 116 21 14 258 20 12 542 38 10 10
internal_value=-9.33977e-12 0.0123036 0.00947927 -0.00102052 0.00029039 0.00170444 -0.00201175 -0.000369501 0.00167224 -0.000263991 -0.00180129 0.00672466 0.0010533 -0.000727568
internal_weight=1162 89 72 1073 462 147 611 315 47 32 556 53 126 268
internal_count=1162 89 72 1073 462 147 611 315 47 32 556 53 126 268
is_linear=0
shrinkage=0.03


Tree=46
num_leaves=15
num_cat=0
split_feature=92 73 0 45 31 87 94 84 7 87 67 5 2 61
split_gain=15.2582 3.05883 1.53252 0.988052 0.420059 0.387906 0.363066 0.25574 0.234554 0.280477 0.207009 0.251568 0.19127 0.305159
threshold=0.46575000000000005 10.142657000651935 -0.40149999999999997 3.8850000000000002 2.2850000000000006 -0.66749999999999987 0.096500000000000016 0.33576989302705906 3.4346751958460158 -0.44949999999999996 96.765000000000015 5.8500000000000005 13.635000000000002 3.620833333333334
decision_type=2 2 2 2 2 2 2 2 2 2 2 2 2 2
left_child=2 4 5 -3 7 -1 8 -2 9 -4 11 12 -7 -14
right_child=1 3 6 -5 -6 10 -8 -9 -10 -11 -12 -13 13 -15
leaf_value=-0.0028999924822315825 0.0085661572260516024 0.014437860026955599 0.0043692769345943811 0.02616908311843872 0.0038853327996496642 -0.0017133473919991335 0.0045853527338476849 0.013810233243487097 0.0017990837632227809 -0.00038008340184172859 0.0012640672016681895 -0.0024761179544722399 0.0044281244650483127 -0.00069662610346776484
leaf_weight=177 35 12.000000000000002 11.999999999999998 13.999999999999998 13.999999999999998 205 22 10.999999999999998 93 166 27 151 10.999999999999998 212
leaf_count=177 35 12 12 14 14 205 22 11 93 166 27 151 11 212
internal_value=-5.0035e-12 0.0121598 -0.000971881 0.0207547 0.00843538 -0.00166446 0.000878942 0.00982018 0.000578053 -5.99018e-05 -0.00130359 -0.00142333 -0.0010519 -0.000443836
internal_weight=1162 86 1076 26 60 783 293 46 271 178 606 579 428 223
internal_count=1162 86 1076 26 60 783 293 46 271 178 606 579 428 223
is_linear=0
shrinkage=0.03


Tree=47
num_leaves=15
num_cat=0
split_feature=92 78 0 84 0 45 33 82 62 8 3 61 93 45
split_gain=14.3565 2.91017 1.4493 1.05827 0.497313 0.45598 0.363608 0.289345 0.269064 0.211025 0.412405 0.198134 0.193338 0.189657
threshold=0.46575000000000005 4.9271115977077455 -0.31349999999999995 0.50372466530271531 -0.5615 4.3750000000000009 2.5650000000000004 0.29846049528713409 0.028867513459398395 1.635 -0.024999999999999998 6.2041666666666675 0.12356627976374973 2.2850000000000006
decision_type=2 2 2 2 2 2 2 2 2 2 2 2 2 2
left_child=2 3 4 7 8 -4 9 12 -1 10 -6 -10 -2 -11
right_child=1 -3 5 -5 6 -7 -8 -9 11 13 -12 -13 -14 -15
leaf_value=0.0027417236119508743 0.010855508692124311 0.022913138393093557 0.00089398344676255761 0.016766880807968287 -0.0016113275834001024 0.0054011848180190378 0.0037321187811903654 0.0029041039427234365 -0.0018230843228882114 -0.00036426817787248383 0.0064922246583737431 -0.0031871254517812364 0.0067996535370392457 -0.0017014784040825009
leaf_weight=9.9999999999999982 17 17 166 12.999999999999998 13.000000000000002 23 15.999999999999998 10.999999999999998 319 187 9.9999999999999982 137 28 195
leaf_count=10 17 17 166 13 13 23 16 11 319 187 10 137 28 195
internal_value=-2.58102e-12 0.011795 -0.000942725 0.00905578 -0.00145096 0.00144248 -0.000703605 0.0072657 -0.00212614 -0.000878843 0.00191196 -0.00223289 0.00833187 -0.00104688
internal_weight=1162 86 1076 69 887 189 421 56 466 405 23 456 45 382
internal_count=1162 86 1076 69 887 189 421 56 466 405 23 456 45 382
is_linear=0
shrinkage=0.03


Tree=48
num_leaves=15
num_cat=0
split_feature=87 83 85 0 7 0 12 77 0 4 34 87 56 62
split_gain=13.5091 2.84509 1.44145 1.30597 0.412525 0.400432 0.328332 0.294565 0.270693 0.265943 0.189578 0.196337 0.182759 0.178406
threshold=0.38850000000000001 4.4895415650475909 2.0550000000000006 -0.50949999999999995 3.5122931406500473 -0.0054999999999999988 1.7550000000000001 0.15359418521277982 -0.74299999999999988 4.7950000000000008 2.7050000000000005 -0.53149999999999997 4.9500000000000011 0.028867513459398395
decision_type=2 2 2 2 2 2 2 2 2 2 2 2 2 2
left_child=3 2 12 8 6 -6 9 -8 -1 -5 11 -9 -2 -10
right_child=1 -3 -4 4 5 -7 7 10 13 -11 -12 -13 -14 -15
leaf_value=-0.0038493761406703428 0.0088875297009944898 0.022270111678277742 0.015714622735977173 0.00066616903771372384 0.0012722894950297125 0.0073057691143317656 0.0025696080278318663 0.0023769169170409442 0.0017005907797387667 0.006831738408654928 0.0020618846830911934 -0.0011514774815304916 0.0049767660405976985 -0.0017294574634184265
leaf_weight=55 14.999999999999998 17 19 17.000000000000004 99 10.999999999999998 26 14.999999999999998 13.999999999999998 9.9999999999999982 20 264 38 542
leaf_count=55 15 17 19 17 99 11 26 15 14 10 20 264 38 542
internal_value=2.22796e-12 0.0112315 0.00862511 -0.000931593 0.000272021 0.00187564 -0.000229109 -0.000493196 -0.00184169 0.00294971 -0.000759527 -0.000961779 0.00608359 -0.00164309
internal_weight=1162 89 72 1073 462 110 352 325 611 27 299 279 53 556
internal_count=1162 89 72 1073 462 110 352 325 611 27 299 279 53 556
is_linear=0
shrinkage=0.03


Tree=49
num_leaves=15
num_cat=0
split_feature=92 83 29 0 92 94 32 7 87 67 40 56 0 82
split_gain=12.7153 2.61038 1.64662 1.29577 0.337078 0.304724 0.229142 0.205105 0.248411 0.194231 0.213751 0.670899 0.280766 0.187161
threshold=0.46575000000000005 4.8795999624381636 9.4907122014165939 -0.40149999999999997 -0.67543749999999991 0.096500000000000016 2.3950000000000005 3.4346751958460158 -0.44949999999999996 100.92000000000002 0.051075255720195424 3.6500000000000008 -0.51149999999999995 0.071538244349699492
decision_type=2 2 2 2 2 2 2 2 2 2 2 2 2 2
left_child=3 2 6 4 -1 7 -2 8 -5 10 11 -6 -13 -14
right_child=1 -3 -4 5 9 -7 -8 -9 -10 -11 -12 12 13 -15
leaf_value=-0.0028352659718560362 0.0075528609566390507 0.024748067232695493 0.017309396582491258 0.0041107502905651933 0.0072686525781755331 0.0042102422063577585 0.0025609491309151054 0.0016808107862016186 -0.0003588830684011883 0.0027234016913412645 -0.0015723168101595504 -0.0017858012092161785 0.0049234020262956622 7.2811008431017399e-06
leaf_weight=144 48 10.999999999999998 17 11.999999999999998 9.9999999999999982 22 9.9999999999999982 93 166 10.999999999999998 504 81 9.9999999999999982 23
leaf_count=144 48 11 17 12 10 22 10 93 166 11 504 81 10 23
internal_value=3.64311e-12 0.0111004 0.00909875 -0.000887208 -0.00152405 0.000814659 0.00669219 0.000539003 -5.75595e-05 -0.00122856 -0.00129779 -0.000181951 -0.000835512 0.00149701
internal_weight=1162 86 75 1076 783 293 58 271 178 639 628 124 114 33
internal_count=1162 86 75 1076 783 293 58 271 178 639 628 124 114 33
is_linear=0
shrinkage=0.03


Tree=50
num_leaves=15
num_cat=0
split_feature=92 78 0 84 0 45 32 82 61 62 34 93 4 8
split_gain=11.9639 2.46639 1.22259 0.880169 0.423538 0.395702 0.30527 0.252785 0.242158 0.256513 0.199804 0.169718 0.148499 0.14632
threshold=0.46575000000000005 4.9271115977077455 -0.31349999999999995 0.50372466530271531 -0.55249999999999988 4.3750000000000009 2.5250000000000004 0.29846049528713409 6.2041666666666675 0.028867513459398395 1.9650000000000001 0.12356627976374973 0.7350000000000001 1.635
decision_type=2 2 2 2 2 2 2 2 2 2 2 2 2 2
left_child=2 3 4 7 8 12 10 11 9 -1 13 -2 -4 -6
right_child=1 -3 5 -5 6 -7 -8 -9 -10 -11 -12 -13 -14 -15
leaf_value=0.003253338374197483 0.0099741328639142649 0.021002753271776087 -0.002724813445354812 0.015278021039871068 0.0018781171891499649 0.0050178970477503283 0.003621224276721477 0.0025363920852462547 -0.0029427644715260166 -0.0016192445597212925 -0.0026175573157767454 0.0061740921863487792 0.0010463436953208516 -0.00065660066053387707
leaf_weight=9.9999999999999982 17 17 9.9999999999999982 12.999999999999998 22 23 14.999999999999998 10.999999999999998 143 352 45 28 156 300
leaf_count=10 17 17 10 13 22 23 15 11 143 352 45 28 156 300
internal_value=-8.32258e-12 0.0107674 -0.000860591 0.00824564 -0.00132738 0.00133012 -0.000573647 0.00661313 -0.00189754 -0.00148464 -0.0007451 0.00760966 0.000819166 -0.000483421
internal_weight=1162 86 1076 69 887 189 382 56 505 362 367 45 166 322
internal_count=1162 86 1076 69 887 189 382 56 505 362 367 45 166 322
is_linear=0
shrinkage=0.03


Tree=51
num_leaves=15
num_cat=0
split_feature=92 73 0 45 60 7 45 81 59 67 1 73 87 7
split_gain=11.2588 2.47606 1.07594 0.82534 0.334311 0.308845 0.33326 0.286194 0.499658 0.277746 0.255387 0.250244 0.324524 0.243118
threshold=0.32325000000000009 10.142657000651935 -0.43749999999999994 3.8850000000000002 0.13887301496589091 3.5122931406500473 4.455000000000001 2.1377584731827883 3.756250000000001 73.990000000000023 1.635 6.8753728207289813 -0.46849999999999997 1.0819156556981404
decision_type=2 2 2 2 2 2 2 2 2 2 2 2 2 2
left_child=2 4 7 -3 -2 11 -7 13 -9 10 -10 12 -4 -1
right_child=1 3 5 -5 -6 6 -8 8 9 -11 -12 -13 -14 -15
leaf_value=-0.00022928785224004446 0.00474771537472524 0.012181766834110017 0.0046059648171067231 0.022903616002627782 0.0090552934522137914 0.0013655533979181199 0.0071384172588586804 0.0048967167735099789 0.0012150054946862934 0.001037058105513929 -0.0017560492208474041 -0.0023875328356932316 1.8842239909234545e-05 -0.0023647969128362447
leaf_weight=56 31 12.000000000000002 14.999999999999998 13.999999999999998 34 90 9.9999999999999982 12.999999999999998 29 47 255 35 186 335
leaf_count=56 31 12 15 14 34 90 10 13 29 47 255 35 186 335
internal_value=8.25176e-12 0.0101307 -0.000860776 0.0179551 0.00700091 0.000545579 0.00194284 -0.00150368 -0.000872553 -0.00109914 -0.00145267 -4.6481e-05 0.000361165 -0.00205894
internal_weight=1162 91 1071 26 65 336 100 735 344 331 284 236 201 391
internal_count=1162 91 1071 26 65 336 100 735 344 331 284 236 201 391
is_linear=0
shrinkage=0.03


Tree=52
num_leaves=15
num_cat=0
split_feature=92 83 85 0 0 45 33 32 61 62 34 69 8 67
split_gain=10.5947 2.25785 1.40724 1.09349 0.3803 0.353638 0.282573 0.240517 0.224039 0.228458 0.184542 0.175309 0.133607 0.347018
threshold=0.46575000000000005 4.8795999624381636 2.0550000000000006 -0.31349999999999995 -0.55349999999999999 4.3750000000000009 2.5650000000000004 1.3750000000000002 6.2041666666666675 0.028867513459398395 1.9650000000000001 4.9177535437463566 1.635 70.985000000000014
decision_type=2 2 2 2 2 2 2 2 2 2 2 2 2 2
left_child=3 2 7 4 8 -5 10 -2 9 -1 12 -4 13 -6
right_child=1 -3 11 5 6 -7 -8 -9 -10 -11 -12 -13 -14 -15
leaf_value=0.003070537682622671 0.0098141318410634986 0.022825274819677523 0.011715611904859539 0.00077893674215834849 0.0059263471942394954 0.004748236349095469 0.0034903439655899998 0.0046488085020939965 -0.0028119657723669044 -0.0015286029064231867 -0.0024883431261000424 0.0170938990265131 -0.00062179213638854458 -0.0016405484732240439
leaf_weight=9.9999999999999982 9.9999999999999982 10.999999999999998 10.000000000000002 166 10.000000000000002 23 14.999999999999998 43 141 348 46 11.999999999999998 305 11.999999999999998
leaf_count=10 10 11 10 166 10 23 15 43 141 348 46 12 305 12
internal_value=4.68764e-12 0.0101326 0.00827097 -0.000809852 -0.00125131 0.00126197 -0.000546851 0.0056234 -0.00179907 -0.00140014 -0.000709205 0.0146492 -0.000458929 0.00179895
internal_weight=1162 86 75 1076 887 189 388 53 499 358 373 22 327 22
internal_count=1162 86 75 1076 887 189 388 53 499 358 373 22 327 22
is_linear=0
shrinkage=0.03


Tree=53
num_leaves=15
num_cat=0
split_feature=92 83 85 0 7 0 14 33 73 91 7 83 62 48
split_gain=9.97491 2.22151 1.11416 0.961728 0.328732 0.317229 0.284147 0.233088 0.221632 0.230434 0.220518 0.210963 0.208644 0.163668
threshold=0.32325000000000009 4.4895415650475909 2.0550000000000006 -0.50949999999999995 3.5122931406500473 -0.0054999999999999988 0.012909944487528633 2.1350000000000002 6.8753728207289813 0.03191850253340503 3.4552020477391148 1.1123087136310394 0.038924947208014649 3.7237500000000003
decision_type=2 2 2 2 2 2 2 2 2 2 2 2 2 2
left_child=3 2 -2 7 6 13 -5 12 9 11 -9 -8 -1 -6
right_child=1 -3 -4 4 5 -7 8 10 -10 -11 -12 -13 -14 -15
leaf_value=0.0020043277565170736 0.005125346222723072 0.019315060368355581 0.013551954972116571 0.0045215554518455809 0.0018094125166535377 0.0064895917272025892 0.00088338866958414045 -0.0029315831978544054 -0.0024457224352830431 0.0017004425738903009 0.0016808430945966391 -0.0010491049380093472 -0.0013820885924157532 -0.0010369145477307027
leaf_weight=17 55 17 19 10.999999999999998 75 10.999999999999998 72 139 41 53 9.9999999999999982 173 445 24
leaf_count=17 55 17 19 11 75 11 72 139 41 53 10 173 445 24
internal_value=2.35718e-12 0.00953557 0.00728893 -0.000810212 0.00022587 0.00165641 -0.000223729 -0.00159024 -0.000377706 -9.31802e-05 -0.00262202 -0.000481188 -0.00125748 0.00111939
internal_weight=1162 91 74 1071 460 110 350 611 339 298 149 245 462 99
internal_count=1162 91 74 1071 460 110 350 611 339 298 149 245 462 99
is_linear=0
shrinkage=0.03


Tree=54
num_leaves=15
num_cat=0
split_feature=92 83 85 0 0 7 45 87 40 56 0 32 69 73
split_gain=9.3854 2.10731 1.30567 0.90654 0.269478 0.230075 0.281783 0.203521 0.187037 0.591174 0.232113 0.181176 0.162226 0.161556
threshold=0.32325000000000009 4.8795999624381636 2.0550000000000006 -0.40149999999999997 -0.74299999999999988 3.4346751958460158 4.455000000000001 -0.42949999999999994 0.051075255720195424 3.6500000000000008 -0.51149999999999995 1.3750000000000002 4.9177535437463566 6.4678120385367572
decision_type=2 2 2 2 2 2 2 2 2 2 2 2 2 2
left_child=3 2 11 4 -1 7 -7 -5 9 -6 -11 -2 -4 -9
right_child=1 -3 12 5 8 6 -8 13 -10 10 -12 -13 -14 -15
leaf_value=-0.0033400659192014824 0.0084790494292974472 0.021561064449223604 0.010957584768533703 0.0031597972436643697 0.0068823198339814555 0.0012817244046715672 0.0065871297195553777 0.00014521658373788731 -0.0013843728188076057 -0.0015437376492362304 0.0014207201327239587 0.0043398553351669204 0.016131300106644628 -0.0022807377856224774
leaf_weight=55 11.999999999999998 10.999999999999998 10.000000000000002 17 9.9999999999999982 91 9.9999999999999982 140 600 85 33 46 11.999999999999998 30
leaf_count=55 12 11 10 17 10 91 10 140 600 85 33 46 12 30
internal_value=1.27999e-12 0.00924951 0.00755667 -0.000785906 -0.00131525 0.000653239 0.00180701 3.00788e-05 -0.00116227 -0.000121178 -0.000714694 0.00519624 0.0137796 -0.000282893
internal_weight=1162 91 80 1071 783 288 101 187 728 128 118 58 22 170
internal_count=1162 91 80 1071 783 288 101 187 728 128 118 58 22 170
is_linear=0
shrinkage=0.03


Tree=55
num_leaves=15
num_cat=0
split_feature=92 83 0 0 0 45 33 61 32 62 34 69 86 9
split_gain=8.83264 1.90623 1.17443 0.923596 0.322923 0.296631 0.254821 0.201436 0.19965 0.195636 0.167983 0.135621 0.131929 0.139734
threshold=0.46575000000000005 4.8795999624381636 2.0550000000000006 -0.31349999999999995 -0.55349999999999999 4.3750000000000009 2.5650000000000004 6.2041666666666675 1.3750000000000002 0.028867513459398395 1.9650000000000001 5.4448208793042188 -0.56349999999999978 1.635
decision_type=2 2 2 2 2 2 2 2 2 2 2 2 2 2
left_child=3 2 8 4 7 -5 10 9 -2 -1 12 -4 -6 -14
right_child=1 -3 11 5 6 -7 -8 -9 -10 -11 -12 -13 13 -15
leaf_value=0.0028654381781816484 0.0090264374166727068 0.020914232920516623 0.011262413344599979 0.00072224902772977215 0.0026759104896336792 0.0043575658665403073 0.003337805723771453 -0.0026103555994167766 0.0043304533191787248 -0.0013905194155060974 -0.002347632689482492 0.016089641600847245 0.001897663188166916 -0.00069354186281813431
leaf_weight=9.9999999999999982 9.9999999999999982 10.999999999999998 11.000000000000002 166 11.999999999999998 23 14.999999999999998 141 44 348 46 9.9999999999999982 20 295
leaf_count=10 10 11 11 166 12 23 15 141 44 348 46 10 20 295
internal_value=5.66679e-12 0.00925167 0.00754116 -0.000739446 -0.00114516 0.00116464 -0.000496017 -0.00164991 0.00520008 -0.00127164 -0.000650192 0.0135611 -0.000411409 -0.000529021
internal_weight=1162 86 75 1076 887 189 388 499 54 358 373 21 327 315
internal_count=1162 86 75 1076 887 189 388 499 54 358 373 21 327 315
is_linear=0
shrinkage=0.03


Tree=56
num_leaves=15
num_cat=0
split_feature=94 83 85 0 7 30 14 33 7 73 62 91 83 56
split_gain=8.31755 1.90706 1.07357 0.793152 0.298291 0.272481 0.264604 0.205322 0.202294 0.193379 0.17791 0.168852 0.195062 0.162338
threshold=0.27908333333333341 4.6653409000972008 2.0550000000000006 -0.50949999999999995 3.5122931406500473 0.46000000000000002 0.012909944487528633 2.1350000000000002 3.4552020477391148 6.8753728207289813 0.038924947208014649 0.03191850253340503 1.1123087136310394 4.9500000000000011
decision_type=2 2 2 2 2 2 2 2 2 2 2 2 2 2
left_child=3 2 13 7 6 -6 -5 10 -9 11 -1 12 -8 -2
right_child=1 -3 -4 4 5 -7 9 8 -10 -11 -12 -13 -14 -15
leaf_value=0.0018681940063834191 0.0075061387142964769 0.018810220062732697 0.012608781627246312 0.00434074348770082 0.00066494092505663713 0.0040482724175370972 0.00086851141220298212 -0.0027209986991537129 0.0016967261948157102 -0.0023182251422507005 -0.0012588786326384425 0.0014693778426619246 -0.0009897253482947072 0.0037971496308984404
leaf_weight=17 13.999999999999998 13.999999999999998 21 10.999999999999998 82 29 72 139 9.9999999999999982 41 445 50 173 44
leaf_count=17 14 14 21 11 82 29 72 139 10 41 445 50 173 44
internal_value=1.90421e-12 0.00860525 0.00679677 -0.000748632 0.000195208 0.00154887 -0.000237809 -0.00145613 -0.00242451 -0.000387702 -0.00114381 -0.000119392 -0.000443631 0.00469242
internal_weight=1162 93 79 1069 458 111 347 611 149 336 462 295 245 58
internal_count=1162 93 79 1069 458 111 347 611 149 336 462 295 245 58
is_linear=0
shrinkage=0.03


Tree=57
num_leaves=15
num_cat=0
split_feature=94 73 0 45 7 31 30 14 33 7 73 62 91 83
split_gain=7.82599 1.81664 0.746277 0.648403 0.280662 0.275751 0.256377 0.248966 0.193187 0.190339 0.18195 0.167396 0.158873 0.183534
threshold=0.27908333333333341 10.142657000651935 -0.50949999999999995 3.9550000000000005 3.5122931406500473 2.2850000000000006 0.46000000000000002 0.012909944487528633 2.1350000000000002 3.4552020477391148 6.8753728207289813 0.038924947208014649 0.03191850253340503 1.1123087136310394
decision_type=2 2 2 2 2 2 2 2 2 2 2 2 2 2
left_child=2 5 8 -3 7 -2 -6 -4 11 -10 12 -1 13 -9
right_child=1 3 4 -5 6 -7 -8 10 9 -11 -12 -13 -14 -15
leaf_value=0.0018121482431888579 0.0069906222614202086 0.011020842537283894 0.0042105212443592872 0.020610180470076473 0.00064499270698522703 0.0027847757093841206 0.0039268242978844148 0.00084245607635239131 -0.0026393687380343784 0.0016458243678789586 -0.0022486783682209685 -0.0012211122790893036 0.0014252965250518173 -0.0009600335813458534
leaf_weight=17 47 15.000000000000002 10.999999999999998 10.999999999999998 82 20 29 72 139 9.9999999999999982 41 445 50 173
leaf_count=17 47 15 11 11 82 20 29 72 139 10 41 445 50 173
internal_value=8.70523e-12 0.00834709 -0.000726173 0.0150779 0.000189352 0.00573515 0.00150241 -0.000230675 -0.00141244 -0.00235177 -0.000376071 -0.0011095 -0.000115811 -0.000430322
internal_weight=1162 93 1069 26 458 67 111 347 611 149 336 462 295 245
internal_count=1162 93 1069 26 458 67 111 347 611 149 336 462 295 245
is_linear=0
shrinkage=0.03


Tree=58
num_leaves=15
num_cat=0
split_feature=94 91 71 0 0 76 54 67 7 45 44 87 1 7
split_gain=7.36347 1.71703 0.769399 0.705947 0.27508 0.243473 0.546594 0.256345 0.236059 0.241612 0.233039 0.205771 0.193866 0.191069
threshold=0.27908333333333341 0.1908460776954706 8.9303985045445824 -0.43049999999999994 1.018 2.2796674067314231 3.7500000000000004 74.155000000000015 3.4346751958460158 4.5250000000000012 3.9650000000000003 -0.42949999999999994 1.635 1.0819156556981404
decision_type=2 2 2 2 2 2 2 2 2 2 2 2 2 2
left_child=3 2 4 5 10 13 -7 12 11 -10 -2 -5 -8 -1
right_child=1 -3 -4 8 -6 6 7 -9 9 -11 -12 -13 -14 -15
leaf_value=-4.6339018414360719e-05 0.0034497914296645277 0.019840444564819336 0.013707576096057892 0.0022613883663996541 0.0088223852918428523 0.0057101284619420767 0.0013297031678259372 0.0013235153076455518 0.0011759690131572264 0.0060809051916003226 0.0083430957523259255 -0.00045358550328602814 -0.0014513907255604864 -0.0019089737467247207
leaf_weight=57 43 9.9999999999999982 11.999999999999998 29 17 11.999999999999998 25 43 94 9.9999999999999982 10.999999999999998 188 231 380
leaf_count=57 43 10 12 29 17 12 25 43 94 10 11 188 231 380
internal_value=-4.96368e-12 0.00809668 0.00668177 -0.000704388 0.0054943 -0.00120942 -0.000567833 -0.000819791 0.00047245 0.0016476 0.00444658 -9.07549e-05 -0.0011798 -0.00166602
internal_weight=1162 93 83 1069 71 748 311 299 321 104 54 217 256 437
internal_count=1162 93 83 1069 71 748 311 299 321 104 54 217 256 437
is_linear=0
shrinkage=0.03


Tree=59
num_leaves=15
num_cat=0
split_feature=94 83 85 0 7 94 32 30 15 59 44 56 77 34
split_gain=6.92829 1.64451 0.913308 0.666031 0.247066 0.237388 0.359453 0.232534 0.182185 0.535278 0.164273 0.142902 0.137601 0.126384
threshold=0.27908333333333341 4.6653409000972008 2.0550000000000006 -0.50949999999999995 3.5122931406500473 -0.51108333333333322 0.23500000000000001 0.46000000000000002 2.0281250000000006 3.756250000000001 4.9750000000000005 4.9500000000000011 0.18888655666995383 2.7050000000000005
decision_type=2 2 2 2 2 2 2 2 2 2 2 2 2 2
left_child=3 2 11 8 5 6 -5 -6 9 -1 -10 -2 -7 -14
right_child=1 -3 -4 4 7 12 -8 -9 10 -11 -12 -13 13 -15
leaf_value=0.0061472049281001088 0.0068733712179320202 0.017330256876136575 0.011535091740744454 0.0066359235007654536 0.00059703847467217866 0.0018789814206372412 -5.9686033901843149e-06 0.0037225418255246914 -0.0018132564643007294 -0.00096008771294682699 0.0020814283336512743 0.0033934896392615469 -0.00080358814097273126 0.0016670221583917736
leaf_weight=9.9999999999999982 13.999999999999998 13.999999999999998 21 10.999999999999998 82 21 22 29 385 206 9.9999999999999982 44 273 20
leaf_count=10 14 14 21 11 82 21 22 29 385 206 10 44 273 20
internal_value=-2.91943e-12 0.00785378 0.0061744 -0.000683257 0.000181647 -0.00021244 0.002208 0.00141361 -0.00133158 -0.000631046 -0.00171466 0.00423346 -0.000466817 -0.000634946
internal_weight=1162 93 79 1069 458 347 33 111 611 216 395 58 314 293
internal_count=1162 93 79 1069 458 347 33 111 611 216 395 58 314 293
is_linear=0
shrinkage=0.03


Tree=60
num_leaves=15
num_cat=0
split_feature=94 83 29 0 76 57 67 1 41 7 44 7 45 87
split_gain=6.51883 1.55741 0.951076 0.634968 0.213375 0.428843 0.218304 0.199637 0.200354 0.185368 0.207613 0.181747 0.2198 0.1736
threshold=0.27908333333333341 4.8795999624381636 10.027345277730399 -0.40149999999999997 2.2683161526133593 3.7125000000000008 74.155000000000015 1.635 4.7950000000000008 0.87258124327148645 5.0750000000000011 3.4346751958460158 4.5250000000000012 -0.42949999999999994
decision_type=2 2 2 2 2 2 2 2 2 2 2 2 2 2
left_child=3 2 -2 4 9 -6 7 8 -7 -1 -11 13 -13 -5
right_child=1 -3 -4 11 5 6 -8 -9 -10 10 -12 12 -14 -15
leaf_value=0.00013299974457671245 0.0046054786156905303 0.018217823315750468 0.012758224010467528 0.0028721079816493916 0.0056032461561262605 -0.00059368301949956821 0.0011084361619781702 -0.0013354484409470349 0.004757839454105124 -0.0018916946179603493 0.0012428531285841016 0.0011036194646262827 0.0057868017554283139 -0.00031005376143364267
leaf_weight=54 66 10.999999999999998 15.999999999999998 17 9.9999999999999982 17.000000000000004 50 235 9.9999999999999982 387 20 92 9.9999999999999982 167
leaf_count=54 66 11 16 17 10 17 50 235 10 387 20 92 10 167
internal_value=-3.4594e-12 0.00761816 0.00619626 -0.000662759 -0.00110465 -0.000512082 -0.000708086 -0.00105475 0.00138836 -0.00151854 -0.00173766 0.000547021 0.00156275 -1.60497e-05
internal_weight=1162 93 82 1069 783 322 312 262 27 461 407 286 102 184
internal_count=1162 93 82 1069 783 322 312 262 27 461 407 286 102 184
is_linear=0
shrinkage=0.03


Tree=61
num_leaves=15
num_cat=0
split_feature=94 91 71 0 0 0 32 7 45 87 40 56 0 49
split_gain=6.13356 1.4902 0.635156 0.597441 0.239299 0.206919 0.206828 0.171005 0.20681 0.16334 0.146086 0.478427 0.179376 0.134145
threshold=0.27908333333333341 0.1908460776954706 8.9303985045445824 -0.40149999999999997 1.018 -0.74299999999999988 1.3750000000000002 3.4346751958460158 4.5250000000000012 -0.42949999999999994 0.051075255720195424 3.6500000000000008 -0.51149999999999995 0.10063633978010005
decision_type=2 2 2 2 2 2 2 2 2 2 2 2 2 2
left_child=3 2 4 5 6 -1 -2 9 -9 -5 11 -7 -13 -14
right_child=1 -3 -4 7 -6 10 -8 8 -10 -11 -12 12 13 -15
leaf_value=-0.0028457978664982045 0.0074888219311833384 0.018330224454402924 0.012455002069473265 0.0027859447625301339 0.0080966591572060303 0.006282986051402986 0.0030229336209595206 0.0010705108689928792 0.0056131977662444111 -0.00030075213529795551 -0.0011337448509177192 -0.0012801000126671758 -2.6573581642217254e-05 0.0040309149738062509
leaf_weight=55 11.999999999999998 9.9999999999999982 11.999999999999998 17 17 9.9999999999999982 42 92 9.9999999999999982 167 600 85 22 10.999999999999998
leaf_count=55 12 10 12 17 17 10 42 92 10 167 600 85 22 11
internal_value=-4.79537e-12 0.00738962 0.00607147 -0.000642876 0.00499257 -0.00107151 0.00401535 0.00053061 0.00151587 -1.55682e-05 -0.000937459 -1.73687e-05 -0.000551297 0.00132592
internal_weight=1162 93 83 1069 71 783 54 286 102 184 728 128 118 33
internal_count=1162 93 83 1069 71 783 54 286 102 184 728 128 118 33
is_linear=0
shrinkage=0.03


Tree=62
num_leaves=15
num_cat=0
split_feature=92 83 29 0 90 45 72 5 1 4 60 32 68 37
split_gain=5.77131 1.33625 0.794639 0.63436 0.233364 0.21902 0.150693 0.202485 0.180346 0.172435 0.278575 0.149733 0.147719 0.142457
threshold=0.46575000000000005 4.8795999624381636 9.4907122014165939 -0.31349999999999995 -0.66012499999999996 4.6150000000000011 99.266666666666694 5.8500000000000005 2.8150000000000004 1.7250000000000003 0.053452248382557563 2.3950000000000005 59.478750000000012 2.3081250000000009
decision_type=2 2 2 2 2 2 2 2 2 2 2 2 2 2
left_child=3 2 11 4 13 -5 7 8 9 10 -6 -2 -11 -1
right_child=1 -3 -4 5 6 -7 -8 -9 -10 12 -12 -13 -14 -15
leaf_value=-0.0012983654958317542 0.0050702699908288188 0.017242952422662213 0.011750149043167339 0.00063888828152223987 0.0051735005307603959 0.004035082634930548 0.0014825466183745967 -0.0016822007699852431 0.00076825708620162911 -0.0015699518819548592 -0.00031890619868029123 0.0010349928969517351 -0.00036214206895757731 -0.0030334884598250348
leaf_weight=136 48 10.999999999999998 17 170 10.999999999999998 19 28 163 88 176 34 9.9999999999999982 189 62
leaf_count=136 48 11 17 170 11 19 28 163 88 176 34 10 189 62
internal_value=9.56502e-13 0.00747846 0.00604634 -0.000597721 -0.000933963 0.000980305 -0.000673108 -0.000764422 -0.000464024 -0.000728514 0.00102368 0.00437453 -0.000944538 -0.00184169
internal_weight=1162 86 75 1076 887 189 689 661 498 410 45 58 365 198
internal_count=1162 86 75 1076 887 189 689 661 498 410 45 58 365 198
is_linear=0
shrinkage=0.03


Tree=63
num_leaves=15
num_cat=0
split_feature=94 91 71 0 74 30 12 87 0 41 32 78 61 34
split_gain=5.43786 1.34333 0.555064 0.531018 0.21944 0.231095 0.227039 0.237293 0.213965 0.20201 0.187866 0.183782 0.156551 0.139437
threshold=0.27908333333333341 0.1908460776954706 8.9303985045445824 -0.54349999999999998 3.4945765313598502 0.46000000000000002 1.7550000000000001 -0.58149999999999979 1.018 4.455000000000001 1.3750000000000002 0.15359418521277982 6.2041666666666675 2.7050000000000005
decision_type=2 2 2 2 2 2 2 2 2 2 2 2 2 2
left_child=3 2 8 12 6 -6 9 -8 10 -5 -2 -9 -1 -13
right_child=1 -3 -4 4 5 -7 7 11 -10 -11 -12 13 -14 -15
leaf_value=-0.00096412887186650821 0.0070842055231332777 0.017345421284437178 0.011673919185996055 -0.00093571113422513002 0.00036297917859181981 0.0032186844380838529 0.003843401411378925 0.0015055223296142437 0.0076330181868637303 0.0037812089801511979 0.0028279525360890797 -0.0009991863644592681 -0.002122798768565796 0.0015852820007130502
leaf_weight=387 11.999999999999998 9.9999999999999982 11.999999999999998 12.999999999999998 94 35 10.999999999999998 33 17 22 42 310 144 20
leaf_count=387 12 10 12 13 94 35 11 33 17 22 42 310 144 20
internal_value=-5.73299e-13 0.00695793 0.00570642 -0.00060532 5.89477e-05 0.00113778 -0.000281321 -0.000497547 0.00469783 0.00202921 0.00377379 -0.000629091 -0.00127834 -0.000842552
internal_weight=1162 93 83 1069 538 129 409 374 71 35 54 363 531 330
internal_count=1162 93 83 1069 538 129 409 374 71 35 54 363 531 330
is_linear=0
shrinkage=0.03


Tree=64
num_leaves=15
num_cat=0
split_feature=94 83 86 0 76 54 67 7 48 87 37 74 1 71
split_gain=5.11649 1.27895 0.682481 0.502123 0.184937 0.432292 0.218911 0.173465 0.182088 0.165417 0.156055 0.188884 0.155961 0.15765
threshold=0.27908333333333341 4.6653409000972008 2.0550000000000006 -0.43049999999999994 2.2796674067314231 3.7500000000000004 74.155000000000015 3.4346751958460158 4.2718750000000005 -0.42599999999999993 2.1850000000000005 1.3007444905651646 1.635 2.7402455245541186
decision_type=2 2 2 2 2 2 2 2 2 2 2 2 2 2
left_child=3 2 -2 4 10 -6 12 9 -9 -5 11 -1 13 -7
right_child=1 -3 -4 7 5 6 -8 8 -10 -11 -12 -13 -14 -15
leaf_value=0.00011398003882214683 0.0035358648850141389 0.015106296422226089 0.0097564530372619626 0.0019514389065725187 0.0051291698496788735 0.0037197521375492205 0.0013026438596615091 0.0010032864359852689 0.0052613717056810855 -0.00041558816266314673 -0.0023944627641168327 -0.0015167715811183681 -0.0012542770037808539 -0.0010486840908057414
leaf_weight=87 57 13.999999999999998 22 31 11.999999999999998 12.000000000000002 43 94 9.9999999999999982 186 109 241 231 12.999999999999998
leaf_count=87 57 14 22 31 12 12 43 94 10 186 109 241 231 13
internal_value=4.1843e-12 0.00674919 0.00526818 -0.00058716 -0.00101309 -0.000453923 -0.000677994 0.000405352 0.00141272 -7.74414e-05 -0.00141103 -0.00108422 -0.00101068 0.00124017
internal_weight=1162 93 79 1069 748 311 299 321 104 217 437 328 256 25
internal_count=1162 93 79 1069 748 311 299 321 104 217 437 328 256 25
is_linear=0
shrinkage=0.03


Tree=65
num_leaves=15
num_cat=0
split_feature=94 91 71 0 60 87 45 45 49 37 40 59 0 72
split_gain=4.8141 1.21758 0.492702 0.474548 0.191622 0.178428 0.157849 0.148099 0.146697 0.131218 0.123192 0.369347 0.188836 0.141598
threshold=0.27908333333333341 0.1908460776954706 8.9303985045445824 -0.36849999999999994 0.13327550116401035 -0.66749999999999987 4.6150000000000011 3.8250000000000006 0.1538029745683166 2.3081250000000009 0.052581105071317157 3.6062500000000006 -0.51149999999999995 99.266666666666694
decision_type=2 2 2 2 2 2 2 2 2 2 2 2 2 2
left_child=3 2 4 5 -2 9 -5 -6 -8 -1 11 -7 -13 -12
right_child=1 -3 -4 6 7 10 8 -9 -10 -11 13 12 -14 -15
leaf_value=-0.0011814175569649658 0.0027325401700694454 0.01643606820702553 0.010977509766817092 0.00033098752847775877 0.0047381099473152843 0.0056615696260705591 0.0056605575308203678 0.0089912483096122736 0.00096965941973030574 -0.0029141746145688878 -0.0010075987602384386 -0.0011207575704661552 0.0013287248151443365 0.0014531749692237512
leaf_weight=118 33 9.9999999999999982 11.999999999999998 221 28 9.9999999999999982 10.000000000000002 9.9999999999999982 14.999999999999998 59 485 87 42 22
leaf_count=118 33 10 12 221 28 10 10 10 15 59 485 87 42 22
internal_value=2.92178e-12 0.00654671 0.00535522 -0.000569546 0.00440498 -0.000915119 0.00058658 0.00585736 0.00284602 -0.001759 -0.0006839 0.000107311 -0.000323252 -0.00090082
internal_weight=1162 93 83 1069 71 823 246 38 25 177 646 139 129 507
internal_count=1162 93 83 1069 71 823 246 38 25 177 646 139 129 507
is_linear=0
shrinkage=0.03


Tree=66
num_leaves=15
num_cat=0
split_feature=94 83 86 0 74 30 12 87 41 77 34 44 61 77
split_gain=4.52959 1.15427 0.665603 0.447387 0.192167 0.205796 0.203277 0.216476 0.177938 0.174462 0.151472 0.143629 0.141419 0.123074
threshold=0.27908333333333341 4.8795999624381636 2.0550000000000006 -0.54349999999999998 3.4945765313598502 0.46000000000000002 1.7550000000000001 -0.58149999999999979 4.455000000000001 1.0973257893957424 2.7050000000000005 3.9650000000000003 6.2041666666666675 8.3471637492536637
decision_type=2 2 2 2 2 2 2 2 2 2 2 2 2 2
left_child=3 2 11 12 6 13 8 -8 -5 -9 -11 -2 -1 -6
right_child=1 -3 -4 4 5 -7 7 9 -10 10 -12 -13 -14 -15
leaf_value=-0.00087157254437139869 0.0027699525249475728 0.015475530665029179 0.0094551616064880214 -0.00085754947880139717 -0.00017439199041563097 0.003030529032328299 0.003680414638736031 0.00047518567913939477 0.0035694187109104611 -0.0012034957357348133 0.0015126136431936174 0.006715162463486195 -0.0019728225874617537 0.0026459312767666927
leaf_weight=387 49 10.999999999999998 23 12.999999999999998 77 35 10.999999999999998 100 22 243 20 9.9999999999999982 144 17
leaf_count=387 49 11 23 13 77 35 11 100 22 243 20 10 144 17
internal_value=-3.12728e-12 0.00635031 0.0051262 -0.000552459 5.72605e-05 0.00106683 -0.000261161 -0.00046576 0.00192512 -0.000591401 -0.000996947 0.00343863 -0.00117022 0.000335666
internal_weight=1162 93 82 1069 538 129 409 374 35 363 263 59 531 94
internal_count=1162 93 82 1069 538 129 409 374 35 363 263 59 531 94
is_linear=0
shrinkage=0.03


Tree=67
num_leaves=15
num_cat=0
split_feature=94 91 71 0 0 81 5 72 44 61 1 1 41 45
split_gain=4.26189 1.10222 0.434235 0.425158 0.173818 0.15833 0.395497 0.186696 0.155042 0.152091 0.229814 0.146109 0.1748 0.136865
threshold=0.27908333333333341 0.1908460776954706 8.9303985045445824 -0.40149999999999997 1.018 2.2177700701821155 3.7500000000000004 76.582083333333344 3.9650000000000003 6.2041666666666675 2.8650000000000007 1.635 4.8500000000000005 1.7050000000000003
decision_type=2 2 2 2 2 2 2 2 2 2 2 2 2 2
left_child=3 2 4 5 8 9 -7 11 -2 10 -1 12 -8 -5
right_child=1 -3 -4 13 -6 6 7 -9 -10 -11 -12 -13 -14 -15
leaf_value=-0.0012338406108347044 0.0024881852222173365 0.015569025635719297 0.010304325856268405 -0.001714301120955497 0.0067796037433778536 0.0049358923092950131 -0.00051518915856087742 0.00098779471438716765 0.0064794633808461094 -0.0019804218975259143 0.001073552071800495 -0.0011762859486615987 0.0042684238257352262 0.00065267429086316386
leaf_weight=224 43 9.9999999999999982 11.999999999999998 24 17 11.999999999999998 22 55 10.999999999999998 169 47 244 9.9999999999999982 262
leaf_count=224 43 10 12 24 17 12 22 55 11 169 47 244 10 262
internal_value=1.2753e-12 0.0061598 0.00502616 -0.000535885 0.00413408 -0.00089747 -0.000414298 -0.000608263 0.00330122 -0.00127412 -0.000833665 -0.000926318 0.00097969 0.000454047
internal_weight=1162 93 83 1069 71 783 343 331 54 440 271 276 32 286
internal_count=1162 93 83 1069 71 783 343 331 54 440 271 276 32 286
is_linear=0
shrinkage=0.03


Tree=68
num_leaves=15
num_cat=0
split_feature=94 83 86 0 61 39 45 74 0 65 59 56 49 41
split_gain=4.01001 1.0487 0.534176 0.403508 0.17679 0.2149 0.17054 0.166714 0.127625 0.126732 0.23744 0.117521 0.111081 0.112915
threshold=0.27908333333333341 4.6653409000972008 2.0550000000000006 -0.31349999999999995 5.8375000000000004 2.570416666666667 4.6150000000000011 1.3518202453517871 -0.56749999999999978 58.100000000000001 3.6062500000000006 4.9500000000000011 0.13970311300198826 5.0050000000000008
decision_type=2 2 2 2 2 2 2 2 2 2 2 2 2 2
left_child=3 2 11 4 7 -6 -5 -1 -7 -9 -11 -2 -12 -14
right_child=1 -3 -4 6 5 8 -8 9 -10 10 12 -13 13 -15
leaf_value=0.0006020988843003991 0.0054886708195720398 0.013542546254715749 0.0086047065935351622 0.0004626747151792742 -0.0016500101901631612 -0.00083861512510338796 0.0035388552056004603 -0.001199305548376957 0.0026968757767120701 0.0040874651637436317 -0.00077558620150425825 0.0023240712368969136 9.8715505252281818e-05 0.0037022177555481903
leaf_weight=106 13.999999999999998 13.999999999999998 22 164 274 20 18 239 17 10.999999999999998 174 43 36 9.9999999999999982
leaf_count=106 14 14 22 164 274 20 18 239 17 11 174 43 36 10
internal_value=-2.55623e-12 0.00597501 0.00463392 -0.000519809 -0.000783826 -0.00136022 0.000766912 -0.000472614 0.0007858 -0.000714996 -0.000213913 0.00310134 -0.000428982 0.000882086
internal_weight=1162 93 79 1069 887 311 182 576 37 470 231 57 220 46
internal_count=1162 93 79 1069 887 311 182 576 37 470 231 57 220 46
is_linear=0
shrinkage=0.03


Tree=69
num_leaves=15
num_cat=0
split_feature=94 91 71 0 61 78 45 60 1 28 65 59 45 8
split_gain=3.77302 0.999306 0.385217 0.37966 0.166341 0.202783 0.160461 0.158163 0.156921 0.14516 0.143807 0.217334 0.121266 0.0975306
threshold=0.27908333333333341 0.1908460776954706 8.9303985045445824 -0.31349999999999995 5.8375000000000004 2.565150377793413 4.6150000000000011 0.13327550116401035 2.8550000000000004 21.219583333333336 58.100000000000001 3.6062500000000006 3.8250000000000006 3.3850000000000002
decision_type=2 2 2 2 2 2 2 2 2 2 2 2 2 2
left_child=3 2 7 4 8 -6 -5 13 10 -7 -1 -12 -9 -2
right_child=1 -3 -4 6 5 9 -8 12 -10 -11 11 -13 -14 -15
leaf_value=-0.0011875723973261538 0.0035099257579581304 0.014754932641983033 0.0096876763924956324 0.0004487944771670566 -0.0016823046482303343 0.0014107512300078934 0.0034326895970540742 0.0041828213432537663 0.00069222490861041777 -0.001761488577336422 0.0039648410665739158 -0.00035082814594277113 0.0080314306095242496 5.0205809635702859e-05
leaf_weight=243 22 9.9999999999999982 11.999999999999998 164 254 37 18 28 90 20 10.999999999999998 232 9.9999999999999982 10.999999999999998
leaf_count=243 22 10 12 164 254 37 18 28 90 20 11 232 10 11
internal_value=-1.00611e-12 0.00579576 0.00471634 -0.000504215 -0.000760311 -0.00131941 0.000743905 0.00387611 -0.000458435 0.000297685 -0.000671521 -0.000155469 0.00519561 0.00235669
internal_weight=1162 93 83 1069 887 311 182 71 576 57 486 243 38 33
internal_count=1162 93 83 1069 887 311 182 71 576 57 486 243 38 33
is_linear=0
shrinkage=0.03


Tree=70
num_leaves=15
num_cat=0
split_feature=92 83 85 0 0 45 32 76 81 59 6 8 41 13
split_gain=3.55297 0.902716 0.494044 0.404559 0.158854 0.146201 0.123768 0.110752 0.14514 0.39501 0.156755 0.142451 0.160159 0.0977264
threshold=0.46575000000000005 4.8795999624381636 2.0550000000000006 -0.31349999999999995 -0.75549999999999995 4.6150000000000011 1.3750000000000002 1.0819156556981404 2.2177700701821155 3.6187500000000008 75.135000000000005 1.635 4.8500000000000005 3.2737500000000002
decision_type=2 2 2 2 2 2 2 2 2 2 2 2 2 2
left_child=3 2 6 4 -1 13 -2 -6 -9 -10 11 12 -11 -5
right_child=1 -3 -4 5 7 -7 -8 8 9 10 -12 -13 -14 -15
leaf_value=-0.0023977867136614358 0.0061281407028436659 0.013893416429107838 0.0084698402881622312 0.00079678352038395036 0.00031280944050054462 0.0032870261786554595 0.0024227881066360359 -0.0011913436659012143 0.0055311101345869246 -0.00052352142908299948 0.00059124367888381871 -0.0010888353195274249 0.0042116938023827964 -0.0013061667370366985
leaf_weight=49 9.9999999999999982 10.999999999999998 22 147 97 19 43 365 9.9999999999999982 18.000000000000004 88 250 9.9999999999999982 23
leaf_count=49 10 11 22 147 97 19 43 365 10 18 88 250 10 23
internal_value=-1.01212e-12 0.00586774 0.00469064 -0.000468983 -0.000737502 0.000791211 0.00312191 -0.000640421 -0.000765203 -0.000351529 -0.000512256 -0.000861566 0.00116763 0.000512267
internal_weight=1162 86 75 1076 887 189 53 838 741 376 366 278 28 170
internal_count=1162 86 75 1076 887 189 53 838 741 376 366 278 28 170
is_linear=0
shrinkage=0.03


Tree=71
num_leaves=15
num_cat=0
split_feature=94 91 71 0 74 30 87 12 77 46 0 34 32 56
split_gain=3.34424 0.903807 0.338298 0.338006 0.157736 0.181659 0.174714 0.18144 0.154026 0.150272 0.142871 0.125429 0.122606 0.114397
threshold=0.27908333333333341 0.1908460776954706 8.9303985045445824 -0.54349999999999998 3.4945765313598502 0.46000000000000002 -0.58149999999999979 1.7550000000000001 1.0973257893957424 4.8212500000000009 1.018 2.7050000000000005 1.3750000000000002 6.3500000000000005
decision_type=2 2 2 2 2 2 2 2 2 2 2 2 2 2
left_child=3 2 10 13 6 -6 -5 9 -9 -8 12 -10 -2 -1
right_child=1 -3 -4 4 5 -7 7 8 11 -11 -12 -13 -14 -15
leaf_value=-0.00074689197871842994 0.0055618088133633139 0.01397683560848236 0.0090887152776122099 0.0034964314729652619 0.00028298667213753204 0.0028148848063179422 0.00048329653842374681 0.00046697750281164192 -0.0011042066600121972 0.0048346527563408017 0.0060410345740178053 0.0013674045503139496 0.0021233854969614184 -0.0017439828282023997
leaf_weight=390 11.999999999999998 9.9999999999999982 11.999999999999998 10.999999999999998 94 35 25 100 243 9.9999999999999982 17 20 42 141
leaf_count=390 12 10 12 11 94 35 25 100 243 10 17 20 42 141
internal_value=-9.77934e-13 0.0054565 0.00442995 -0.0004747 5.52696e-05 0.000969936 -0.000233219 -0.0003363 -0.000535197 0.00172654 0.00364256 -0.000916251 0.00288748 -0.00101166
internal_weight=1162 93 83 1069 538 129 409 398 363 35 71 263 54 531
internal_count=1162 93 83 1069 538 129 409 398 363 35 71 263 54 531
is_linear=0
shrinkage=0.03


Tree=72
num_leaves=15
num_cat=0
split_feature=94 83 86 0 0 45 25 62 56 34 13 91 83 81
split_gain=3.14659 0.858923 0.417427 0.320501 0.145128 0.136656 0.10167 0.159537 0.0996695 0.0879888 0.0834395 0.0892825 0.0827006 0.10192
threshold=0.27908333333333341 4.6653409000972008 2.0550000000000006 -0.31349999999999995 -0.75549999999999995 4.6150000000000011 2.2462844938486151 0.045226701686577782 4.9500000000000011 1.0050000000000001 3.2737500000000002 0.015173990905593146 1.1123087136310394 2.1142305164939219
decision_type=2 2 2 2 2 2 2 2 2 2 2 2 2 2
left_child=3 2 8 4 -1 10 12 -8 -2 -9 11 -5 -6 -14
right_child=1 -3 -4 5 6 -7 7 9 -10 -11 -12 -13 13 -15
leaf_value=-0.0022826905694923226 0.0049228695726820397 0.012141476729884743 0.0075892516835169357 -0.00031557869001784745 0.00033369999524174174 0.0031676405598409473 0.0033613495412282645 -0.00097220821729815832 0.0020085210707255223 0.00038603736538939251 -0.0012614873366977048 0.0012555353300995194 -0.0013237438265576947 -0.00053418144532508963
leaf_weight=49 13.999999999999998 13.999999999999998 22 51 55 18 11.999999999999998 77 43 97 23 90 263 334
leaf_count=49 14 14 22 51 55 18 12 77 43 97 23 90 263 334
internal_value=-1.65137e-12 0.0052928 0.00407912 -0.000460459 -0.000695758 0.000686302 -0.000602967 1.57085e-05 0.00272433 -0.000215025 0.00041396 0.00068726 -0.00077946 -0.000882012
internal_weight=1162 93 79 1069 887 182 838 186 57 174 164 141 652 597
internal_count=1162 93 79 1069 887 182 838 186 57 174 164 141 652 597
is_linear=0
shrinkage=0.03


Tree=73
num_leaves=15
num_cat=0
split_feature=94 91 0 71 7 94 32 30 60 73 33 7 83 53
split_gain=2.96063 0.819636 0.30216 0.299901 0.130113 0.173671 0.22853 0.142926 0.128697 0.112417 0.109361 0.113564 0.106068 0.104417
threshold=0.27908333333333341 0.1908460776954706 -0.51149999999999995 8.9303985045445824 3.5122931406500473 -0.51108333333333322 0.23500000000000001 0.46000000000000002 0.13327550116401035 6.4678120385367572 2.1350000000000002 3.4552020477391148 1.1123087136310394 9.8500000000000032
decision_type=2 2 2 2 2 2 2 2 2 2 2 2 2 2
left_child=2 3 10 8 5 6 -4 -6 -2 12 -1 -12 -7 -14
right_child=1 -3 4 -5 7 9 -8 -9 -10 -11 11 -13 13 -15
leaf_value=-0.00065801397442199084 0.0020444784780689089 0.013247913122177124 0.0052162021305412051 0.0085428540036082273 0.00038656149038948439 0.00084929563524242498 6.9486848501996548e-05 0.0028369337159754901 0.0046053342413353284 -0.0018157866849963153 -0.0018195166143477367 0.0014912901353091 -0.00066666194088611515 0.0022179022850468753
leaf_weight=459 33 9.9999999999999982 11.999999999999998 11.999999999999998 82 71 22 29 38 42 138 9.9999999999999982 192 11.999999999999998
leaf_count=459 33 10 12 12 82 71 22 29 38 42 138 10 192 12
internal_value=4.1627e-12 0.00513402 -0.000446645 0.00415644 0.000131483 -0.000151636 0.00188597 0.00102675 0.00341508 -0.000370181 -0.00088667 -0.00159581 -0.000149397 -0.000496982
internal_weight=1162 93 1069 83 462 351 34 111 71 317 607 148 275 204
internal_count=1162 93 1069 83 462 351 34 111 71 317 607 148 275 204
is_linear=0
shrinkage=0.03


Tree=74
num_leaves=15
num_cat=0
split_feature=94 83 29 0 61 39 74 45 10 59 0 26 41 35
split_gain=2.78566 0.782226 0.412305 0.28921 0.135228 0.175242 0.135587 0.126759 0.101937 0.357961 0.100817 0.0913368 0.0961419 0.0910172
threshold=0.27908333333333341 4.8795999624381636 10.027345277730399 -0.31349999999999995 5.8375000000000004 2.570416666666667 1.3518202453517871 4.6150000000000011 1.9950000000000003 3.6437500000000007 -0.56749999999999978 20.763125000000006 5.1050000000000013 2.4737500000000003
decision_type=2 2 2 2 2 2 2 2 2 2 2 2 2 2
left_child=3 2 13 4 6 -6 -1 -5 9 -8 -7 12 -11 -2
right_child=1 -3 -4 7 5 10 8 -9 -10 11 -12 -13 -14 -15
leaf_value=0.00058462322185561172 0.0034231177142990585 0.012492014684460378 0.0082928067259490489 0.00039380253503090566 -0.001422561010188401 -0.00066672002506675205 0.0053583501137327398 0.0030458965482345469 -0.0010968921499174362 -0.00070196376786622904 0.0024755905594621951 0.0019250326297645057 0.0021701476054096763 0.00043376448543064967
leaf_weight=106 55 10.999999999999998 15.999999999999998 164 274 20 9.9999999999999982 18 209 226 17 13.999999999999998 10.999999999999998 10.999999999999998
leaf_count=106 55 11 16 164 274 20 10 18 209 226 17 14 11 11
internal_value=7.41261e-13 0.00498 0.00397229 -0.000433246 -0.000656764 -0.00116087 -0.000384581 0.000656098 -0.000603167 -0.000207809 0.000777044 -0.000429569 -0.000568659 0.00292489
internal_weight=1162 93 82 1069 887 311 576 182 470 261 37 251 237 66
internal_count=1162 93 82 1069 887 311 576 182 470 261 37 251 237 66
is_linear=0
shrinkage=0.03


Tree=75
num_leaves=15
num_cat=0
split_feature=87 73 0 45 60 94 5 61 39 1 65 59 94 0
split_gain=2.62173 0.812365 0.375847 0.190086 0.156285 0.141529 0.13858 0.127236 0.164885 0.131853 0.117906 0.176981 0.115715 0.0948585
threshold=0.55550000000000022 10.142657000651935 -0.31349999999999995 3.9550000000000005 0.13327550116401035 -0.037624999999999992 4.9500000000000011 5.8375000000000004 2.570416666666667 2.8550000000000004 58.100000000000001 3.6062500000000006 -0.185 -0.56749999999999978
decision_type=2 2 2 2 2 2 2 2 2 2 2 2 2 2
left_child=2 4 7 -3 -2 12 -7 9 -9 10 -1 -12 -4 -10
right_child=1 3 5 -5 -6 6 -8 8 13 -11 11 -13 -14 -15
leaf_value=-0.001035642441588326 0.0011045186305030561 0.0075334153696894612 0.00093589592956716549 0.012993171377615494 0.0045796513625166631 0.0046037321835756297 0.0011420662369346247 -0.0013798841755206478 -0.00064671841281233348 0.00068171359335246961 0.0036170743172988292 -0.00027738790964953108 -0.00081714143291773157 0.0024013228623388228
leaf_weight=243 18 12.000000000000002 101 10.999999999999998 33 14.999999999999998 34 274 20 90 10.999999999999998 232 51 17
leaf_count=243 18 12 101 11 33 15 34 274 20 90 11 232 51 17
internal_value=-5.35929e-13 0.005464 -0.000371632 0.0101446 0.00335313 0.000799689 0.00220176 -0.000637061 -0.00112605 -0.000373044 -0.000568369 -0.000101095 0.000347706 0.000753733
internal_weight=1162 74 1088 23 51 201 49 887 311 576 486 243 152 37
internal_count=1162 74 1088 23 51 201 49 887 311 576 486 243 152 37
is_linear=0
shrinkage=0.03


Tree=76
num_leaves=15
num_cat=0
split_feature=94 91 0 71 72 91 15 31 40 49 20 77 76 56
split_gain=2.46813 0.702256 0.256118 0.245312 0.141628 0.130517 0.214566 0.116221 0.102992 0.18966 0.0991374 0.0982576 0.0988618 0.0961191
threshold=0.27908333333333341 0.1908460776954706 -0.54349999999999998 8.9303985045445824 99.266666666666694 0.03191850253340503 3.1062500000000006 1.9650000000000001 0.051691024021593451 0.10020514671712812 19.440000000000005 1.0973257893957424 3.4729033964900795 6.3500000000000005
decision_type=2 2 2 2 2 2 2 2 2 2 2 2 2 2
left_child=2 3 13 7 5 8 10 -2 9 -4 -7 -10 -13 -1
right_child=1 -3 4 -5 -6 6 -8 -9 11 -11 -12 12 -14 -15
leaf_value=-0.0006325222057295412 0.0040916468101136689 0.012198045998811722 9.2804829667632781e-06 0.0077498751878738396 0.0018191396516723263 0.003559784349054098 -0.0021134833224556024 0.0016080599285279665 0.00046781198980406531 0.0046794970035552979 0.0010112137096376531 -0.0011001094373519907 0.00013060581000067336 -0.0015464912925876597
leaf_weight=390 43 9.9999999999999982 36 11.999999999999998 38 18 17 28 77 9.9999999999999982 58 201 83 141
leaf_count=390 43 10 36 12 38 18 17 28 77 10 58 201 83 141
internal_value=2.32555e-13 0.00468759 -0.000407807 0.00378271 5.35195e-05 -8.06677e-05 0.000933304 0.0031122 -0.000312361 0.00102454 0.00161482 -0.000482715 -0.000740429 -0.000875215
internal_weight=1162 93 1069 83 538 500 93 71 407 46 76 361 284 531
internal_count=1162 93 1069 83 538 500 93 71 407 46 76 361 284 531
is_linear=0
shrinkage=0.03


Tree=77
num_leaves=15
num_cat=0
split_feature=87 73 0 45 60 94 5 0 94 25 62 34 1 41
split_gain=2.32617 0.721962 0.334669 0.176724 0.145678 0.127677 0.126945 0.119752 0.10513 0.0883185 0.140595 0.0741019 0.0708387 0.208013
threshold=0.55550000000000022 10.142657000651935 -0.31349999999999995 3.9550000000000005 0.13327550116401035 -0.037624999999999992 4.9500000000000011 -0.75549999999999995 -0.185 2.2462844938486151 0.045226701686577782 1.0050000000000001 1.6250000000000002 4.8500000000000005
decision_type=2 2 2 2 2 2 2 2 2 2 2 2 2 2
left_child=2 4 7 -3 -2 8 -7 -1 -4 12 -11 -12 13 -9
right_child=1 3 5 -5 -6 6 -8 9 -10 10 11 -13 -14 -15
leaf_value=-0.0020420615369043009 0.00098588751279748976 0.0070415553823113411 0.00088658540825460944 0.012305914488705721 0.0043410226330161091 0.0043858521580696103 0.0010726947924943971 -0.00063699133447645342 -0.00078435069730724478 0.0032011448824778199 -0.00085108275362744004 0.00039538024754873138 -0.00076485367961846634 0.0042851413479074833
leaf_weight=49 18 12.000000000000002 101 10.999999999999998 33 14.999999999999998 34 34 51 11.999999999999998 77 97 608 9.9999999999999982
leaf_count=49 18 12 101 11 33 15 34 34 51 12 77 97 608 10
internal_value=-1.52025e-12 0.0051468 -0.000350058 0.00955929 0.00315686 0.000755237 0.00208693 -0.000600525 0.000325942 -0.000516235 6.03884e-05 -0.000156215 -0.000680732 0.000481675
internal_weight=1162 74 1088 23 51 201 49 887 152 838 186 174 652 44
internal_count=1162 74 1088 23 51 201 49 887 152 838 186 174 652 44
is_linear=0
shrinkage=0.03


Tree=78
num_leaves=15
num_cat=0
split_feature=0 94 45 44 75 0 40 49 25 34 16 56 7 73
split_gain=2.18901 0.660655 0.383259 0.240897 0.174921 0.134142 0.139383 0.222709 0.100801 0.0853666 0.0814004 0.0793704 0.0779103 0.0774117
threshold=1.018 -0.037624999999999992 3.8850000000000002 3.9650000000000003 7.1485983707997649 -0.54349999999999998 0.055969411509745139 0.13823827738628755 2.3761482040094815 2.7050000000000005 0.12864318099120173 6.3500000000000005 1.3986756846945394 6.6772583070316971
decision_type=2 2 2 2 2 2 2 2 2 2 2 2 2 2
left_child=1 4 -2 8 5 11 7 -7 -3 13 -5 12 -1 -8
right_child=2 3 -4 10 -6 6 9 -9 -10 -11 -12 -13 -14 -15
leaf_value=0.00077957990637514732 0.0050933774467557666 0.0020650910822275492 0.011659706383943558 0.0060768121629953369 0.0013215567078077581 0.0003822166518488478 -0.00032049751208509714 0.005206813351716846 -0.00048050303548474661 0.0017619574454147368 0.002761837001889944 -0.0014699315006084283 -0.00076652110495739514 -0.0016733080423761938
leaf_weight=32 24 42 11.999999999999998 15.000000000000002 48 62 332 9.9999999999999982 21 15.999999999999998 11.999999999999998 141 352 43
leaf_count=32 24 42 12 15 48 62 332 10 21 16 12 141 352 43
internal_value=-2.42906e-12 -0.000232822 0.00728215 0.00223264 -0.000447003 -0.000532925 -0.000160692 0.0010523 0.00121656 -0.000384057 0.00460349 -0.000861199 -0.000637679 -0.00047562
internal_weight=1162 1126 36 90 1036 988 463 72 63 391 27 525 384 375
internal_count=1162 1126 36 90 1036 988 463 72 63 391 27 525 384 375
is_linear=0
shrinkage=0.03


Tree=79
num_leaves=15
num_cat=0
split_feature=87 73 0 83 94 5 0 94 60 25 62 34 1 41
split_gain=2.0635 0.645778 0.298952 0.238739 0.111653 0.112015 0.109228 0.0968005 0.0939727 0.0817331 0.130233 0.0689653 0.0656874 0.19223
threshold=0.55550000000000022 8.4975051125537977 -0.31349999999999995 4.6653409000972008 -0.037624999999999992 4.9500000000000011 -0.75549999999999995 -0.185 0.13327550116401035 2.2462844938486151 0.045226701686577782 1.0050000000000001 1.6250000000000002 4.8500000000000005
decision_type=2 2 2 2 2 2 2 2 2 2 2 2 2 2
left_child=2 8 6 -3 7 -6 -1 -4 -2 12 -11 -12 13 -8
right_child=1 3 4 -5 5 -7 9 -9 -10 10 11 -13 -14 -15
leaf_value=-0.0019431616005616036 0.00073356972445788626 0.0060559121715395067 0.00085147201796338201 0.011460917219519614 0.0041197753772139554 0.0010075477014727177 -0.00060021560781238167 -0.0007519063593217117 0.0036020061216102193 0.003091586057562381 -0.00081003691493488185 0.00039244893113494437 -0.00072517656694775427 0.0041314979558810588
leaf_weight=49 17 19.000000000000004 101 11.999999999999998 14.999999999999998 34 34 51 26 11.999999999999998 77 97 608 9.9999999999999982
leaf_count=49 17 19 101 12 15 34 34 51 26 12 77 97 608 10
internal_value=-1.12685e-12 0.00484752 -0.000329702 0.00814817 0.000714949 0.00196027 -0.000566427 0.000313496 0.00246797 -0.000485926 6.87835e-05 -0.000139686 -0.000644171 0.000475174
internal_weight=1162 74 1088 31 201 49 887 152 43 838 186 174 652 44
internal_count=1162 74 1088 31 201 49 887 152 43 838 186 174 652 44
is_linear=0
shrinkage=0.03


Tree=80
num_leaves=15
num_cat=0
split_feature=0 94 45 44 75 0 40 49 25 72 56 25 55 24
split_gain=1.95085 0.580105 0.343708 0.214767 0.161563 0.119532 0.131315 0.20444 0.0918833 0.0807499 0.0731165 0.074599 0.0745375 0.072891
threshold=1.018 -0.037624999999999992 3.8850000000000002 3.9650000000000003 7.1485983707997649 -0.54349999999999998 0.055969411509745139 0.13823827738628755 2.3761482040094815 99.266666666666694 6.3500000000000005 3.0439160430604031 8.0500000000000025 26.452500000000004
decision_type=2 2 2 2 2 2 2 2 2 2 2 2 2 2
left_child=1 4 -2 8 5 10 7 -7 -3 -8 11 -1 -12 -6
right_child=2 3 -4 -5 13 6 9 -9 -10 -11 12 -13 -14 -15
leaf_value=-0.00069643074656386699 0.0048018421418964856 0.0019412238970731518 0.011020137593150138 0.004329060349199507 0.0024005242416635158 0.0003836611831162196 -0.00045460329522142574 0.0050061338189989323 -0.00048916427277228137 0.0017900071768090129 -0.0017709412309447935 0.0011854313280782662 -0.00012418271613114483 6.0367575876981667e-05
leaf_weight=364 24 42 11.999999999999998 27 25 62 376 9.9999999999999982 21 14.999999999999998 109 20 32 23
leaf_count=364 24 42 12 27 25 62 376 10 21 15 109 20 32 23
internal_value=8.82355e-14 -0.000219792 0.00687461 0.00209048 -0.000420492 -0.000503068 -0.00015169 0.00102567 0.00113109 -0.000368493 -0.00081295 -0.000598417 -0.00139721 0.0012792
internal_weight=1162 1126 36 90 1036 988 463 72 63 391 525 384 141 48
internal_count=1162 1126 36 90 1036 988 463 72 63 391 525 384 141 48
is_linear=0
shrinkage=0.03


Tree=81
num_leaves=15
num_cat=0
split_feature=0 94 45 44 78 5 82 0 77 34 50 15 61 3
split_gain=1.83555 0.545821 0.323395 0.202074 0.152116 0.132254 0.0963091 0.0962351 0.0868378 0.09903 0.105607 0.0971945 0.109832 0.086644
threshold=1.018 -0.037624999999999992 3.8850000000000002 3.9650000000000003 6.0964315642175757 3.5500000000000003 0.27920434175063402 -0.75549999999999995 1.0973257893957424 2.5650000000000004 4.652916666666667 1.6475000000000002 5.7750000000000012 1.3650000000000004
decision_type=2 2 2 2 2 2 2 2 2 2 2 2 2 2
left_child=1 4 -2 13 5 -1 -6 -7 -9 10 -10 -12 -13 -3
right_child=2 3 -4 -5 6 7 -8 8 9 -11 11 12 -14 -15
leaf_value=0.0024997333483770491 0.0046577868843451142 -0.0014641253986774243 0.010689533501863479 0.0041991885420348905 0.00182430928765233 -0.0018416063889125491 -0.00046175148625883999 0.00034340873424492735 -0.00082256637556996309 0.00054998093702579348 0.0022223247951963761 -0.00064427539658872392 0.0025772925906560637 0.00158042338865651
leaf_weight=12.999999999999998 24 9.9999999999999982 11.999999999999998 27 43 49 27 103 637 64 18 71 10.999999999999998 53
leaf_count=13 24 10 12 27 43 49 27 103 637 64 18 71 11 53
internal_value=2.76904e-12 -0.000213198 0.00666837 0.00202777 -0.000407877 -0.000505734 0.000942543 -0.000546731 -0.000476545 -0.000581982 -0.00068028 0.000226085 -0.000212114 0.00109716
internal_weight=1162 1126 36 90 1036 966 70 953 904 801 737 100 82 63
internal_count=1162 1126 36 90 1036 966 70 953 904 801 737 100 82 63
is_linear=0
shrinkage=0.03


Tree=82
num_leaves=15
num_cat=0
split_feature=94 83 86 0 76 5 67 44 5 92 78 89 1 29
split_gain=1.72887 0.527231 0.241037 0.184445 0.0932708 0.244717 0.127219 0.0982442 0.0925668 0.099007 0.0920074 0.0855379 0.0814645 0.13109
threshold=0.27908333333333341 4.6653409000972008 2.0550000000000006 -0.40149999999999997 2.2683161526133593 3.7500000000000004 77.29000000000002 5.0750000000000011 10.600000000000001 -0.078312499999999993 0.87258124327148645 -0.14599999999999996 1.635 0.85218093774291537
decision_type=2 2 2 2 2 2 2 2 2 2 2 2 2 2
left_child=3 2 -2 4 7 -6 12 10 9 11 -1 -5 13 -7
right_child=1 -3 -4 8 5 6 -8 -9 -10 -11 -12 -13 -14 -15
leaf_value=0.00021365384554277017 0.0019428681139221512 0.0092889945195305957 0.0056396810100837183 0.00044581565240048185 0.0038444170069236025 -0.0011053111921064552 0.001198968034040285 0.0012033812503796071 -0.0021625811678285781 0.0020856643404715274 -0.0011082491234938343 -0.001240834002519184 -0.00078112323674032883 0.0028608926571905614
leaf_weight=54 57 13.999999999999998 22 213 12.999999999999998 15.000000000000002 41 20 12.999999999999998 29 387 31 238 14.999999999999998
leaf_count=54 57 14 22 213 13 15 41 20 13 29 387 31 238 15
internal_value=2.20005e-12 0.00392325 0.00297236 -0.000341312 -0.000579471 -0.000187697 -0.000357333 -0.000853118 0.000310712 0.000428488 -0.000946383 0.000231528 -0.000595424 0.000877791
internal_weight=1162 93 79 1069 783 322 309 461 286 273 441 244 268 30
internal_count=1162 93 79 1069 783 322 309 461 286 273 441 244 268 30
is_linear=0
shrinkage=0.03


Tree=83
num_leaves=15
num_cat=0
split_feature=0 94 45 44 78 5 82 0 25 77 34 50 15 61
split_gain=1.63487 0.480913 0.293897 0.183595 0.138482 0.1214 0.0895392 0.0877567 0.0811351 0.0781822 0.0895232 0.0954797 0.0904792 0.100474
threshold=1.018 -0.037624999999999992 3.8850000000000002 3.9650000000000003 6.0964315642175757 3.5500000000000003 0.27920434175063402 -0.75549999999999995 2.3761482040094815 1.0973257893957424 2.5650000000000004 4.652916666666667 1.6475000000000002 5.7750000000000012
decision_type=2 2 2 2 2 2 2 2 2 2 2 2 2 2
left_child=1 4 -2 8 5 -1 -6 -7 -3 -9 11 -11 -13 -14
right_child=2 3 -4 -5 6 7 -8 9 -10 10 -12 12 13 -15
leaf_value=0.0024021832321215277 0.0043765889108180996 0.0017765363711597663 0.010126670934259892 0.0039720524371498157 0.0017547471637750953 -0.0017531107190274157 -0.00044950265290228541 0.00032844895354076654 -0.00050728231443957026 -0.00077836474801046816 0.00052664663982795903 0.0021447847226712231 -0.00061739033739030048 0.0024638723344965413
leaf_weight=12.999999999999998 24 42 11.999999999999998 27 43 49 27 103 21 637 64 18 71 10.999999999999998
leaf_count=13 24 42 12 27 43 49 27 103 21 637 64 18 71 11
internal_value=2.12765e-12 -0.000201206 0.00629328 0.0019023 -0.000383943 -0.000477311 0.000904537 -0.000516591 0.00101526 -0.000449567 -0.000549612 -0.000643072 0.00021874 -0.00020405
internal_weight=1162 1126 36 90 1036 966 70 953 63 904 801 737 100 82
internal_count=1162 1126 36 90 1036 966 70 953 63 904 801 737 100 82
is_linear=0
shrinkage=0.03


Tree=84
num_leaves=15
num_cat=0
split_feature=0 94 45 44 78 5 82 0 25 77 34 50 15 61
split_gain=1.53825 0.452491 0.276528 0.172744 0.130298 0.114225 0.0842474 0.0825703 0.07634 0.0735616 0.0842324 0.0898369 0.0851319 0.0945356
threshold=1.018 -0.037624999999999992 3.8850000000000002 3.9650000000000003 6.0964315642175757 3.5500000000000003 0.27920434175063402 -0.75549999999999995 2.3761482040094815 1.0973257893957424 2.5650000000000004 4.652916666666667 1.6475000000000002 5.7750000000000012
decision_type=2 2 2 2 2 2 2 2 2 2 2 2 2 2
left_child=1 4 -2 8 5 -1 -6 -7 -3 -9 11 -11 -13 -14
right_child=2 3 -4 -5 6 7 -8 9 -10 10 -12 12 13 -15
leaf_value=0.0023301177720825832 0.0042452912405133245 0.0017232402660218732 0.0098228706419467935 0.0038528908437324896 0.0017021047375787612 -0.0017005174663107918 -0.00043601756281633344 0.00031859548631614726 -0.00049206384173885456 -0.00075501380804991953 0.00051084726328554098 0.0020804411886880792 -0.00059886864324192133 0.0023899561861021948
leaf_weight=12.999999999999998 24 42 11.999999999999998 27 43 49 27 103 21 637 64 18 71 10.999999999999998
leaf_count=13 24 42 12 27 43 49 27 103 21 637 64 18 71 11
internal_value=-3.91831e-12 -0.00019517 0.00610448 0.00184523 -0.000372425 -0.000462992 0.0008774 -0.000501093 0.000984806 -0.00043608 -0.000533123 -0.00062378 0.000212178 -0.000197929
internal_weight=1162 1126 36 90 1036 966 70 953 63 904 801 737 100 82
internal_count=1162 1126 36 90 1036 966 70 953 63 904 801 737 100 82
is_linear=0
shrinkage=0.03


Tree=85
num_leaves=15
num_cat=0
split_feature=87 73 0 83 61 78 28 74 13 91 10 59 7 60
split_gain=1.44919 0.495641 0.213648 0.181406 0.0902634 0.123516 0.106194 0.0972806 0.0880977 0.103512 0.0818333 0.292648 0.0782564 0.0706044
threshold=0.55550000000000022 8.4975051125537977 -0.31349999999999995 4.6653409000972008 5.8375000000000004 2.6095047435996559 21.219583333333336 1.3518202453517871 3.2737500000000002 0.015173990905593146 1.9950000000000003 3.6437500000000007 0.081324889457401475 0.13327550116401035
decision_type=2 2 2 2 2 2 2 2 2 2 2 2 2 2
left_child=2 13 4 -3 7 -6 -7 12 9 -4 11 -9 -1 -2
right_child=1 3 8 -5 5 6 -8 10 -10 -11 -12 -13 -14 -15
leaf_value=-0.00086293098060055988 0.00047434504044598297 0.0051301892219405417 -0.00030904018671957173 0.0098417036607861517 -0.0011684520294383057 0.0013612456613433701 -0.0013652170757777638 0.0049478451039176429 -0.0011404156853930781 0.0012910348411047223 -0.00088156854811179651 -0.00028547591181932039 0.0010316037586817401 0.0029606838424045302
leaf_weight=26 17 19.000000000000004 51 11.999999999999998 255 36 20 9.9999999999999982 23 127 209 251 80 26
leaf_count=26 17 19 51 12 255 36 20 10 23 127 209 251 80 26
internal_value=-1.10079e-13 0.00406237 -0.000276301 0.006954 -0.000476422 -0.000888279 0.000387509 -0.000254048 0.00060682 0.000832586 -0.0004392 -8.49655e-05 0.000566907 0.00197771
internal_weight=1162 74 1088 31 887 311 56 576 201 178 470 261 106 43
internal_count=1162 74 1088 31 887 311 56 576 201 178 470 261 106 43
is_linear=0
shrinkage=0.03


Tree=86
num_leaves=15
num_cat=0
split_feature=0 94 45 44 67 57 4 28 95 77 3 83 84 69
split_gain=1.37017 0.401609 0.248505 0.15733 0.120761 0.105601 0.106157 0.206344 0.0814446 0.0769634 0.0730816 0.0761608 0.079034 0.0708617
threshold=1.018 -0.037624999999999992 3.9550000000000005 3.9650000000000003 109.12000000000002 5.387500000000002 1.7250000000000003 14.272916666666669 0.043688938203010085 0.15359418521277982 1.7450000000000003 1.2331946516504473 0.24239815310964621 4.9177535437463566
decision_type=2 2 2 2 2 2 2 2 2 2 2 2 2 2
left_child=1 4 13 -3 5 6 7 -1 -7 -8 -10 -12 -13 -2
right_child=2 3 -4 -5 -6 8 9 -9 10 -11 11 12 -14 -15
leaf_value=0.0050375760504975916 0.0029773839202243825 0.00091692011049460793 0.0097804009616374969 0.0036540569344328507 0.002156466578188188 -0.00097275147924925996 0.0019452434299247604 0.00030049561119085407 -0.0010220787191905526 -0.00031380545959798202 -0.001548729307576329 0.0014973102814690991 -0.00026169451729704936 0.006196626663208007
leaf_weight=9.9999999999999982 16.000000000000004 63 9.9999999999999982 27 17 335 13.999999999999998 48 58 445 17 47 45 9.9999999999999982
leaf_count=10 16 63 10 27 17 335 14 48 58 445 17 47 45 10
internal_value=3.26368e-12 -0.000184199 0.00576134 0.00173806 -0.000351191 -0.000393026 -9.20899e-05 0.00111723 -0.000702955 -0.000244902 -0.000161746 0.000296045 0.000636927 0.00421555
internal_weight=1162 1126 36 90 1036 1019 517 58 502 459 167 109 92 26
internal_count=1162 1126 36 90 1036 1019 517 58 502 459 167 109 92 26
is_linear=0
shrinkage=0.03


Tree=87
num_leaves=15
num_cat=0
split_feature=88 83 86 44 0 72 40 49 39 82 0 93 59 86
split_gain=1.29299 0.435556 0.211258 0.130045 0.124644 0.108762 0.104514 0.17181 0.0697836 0.069781 0.0676696 0.0638446 0.0601466 0.0528017
threshold=0.18750000000000003 4.8795999624381636 2.0550000000000006 3.9650000000000003 -0.54349999999999998 99.266666666666694 0.055969411509745139 0.13823827738628755 2.2708333333333339 0.17030799781552272 -0.36849999999999994 0.040067229468838957 9.0312500000000018 -0.52849999999999986
decision_type=2 2 2 2 2 2 2 2 2 2 2 2 2 2
left_child=4 2 3 -2 8 6 7 9 -1 -6 13 -7 -10 -8
right_child=1 -3 -4 -5 5 11 10 -9 12 -11 -12 -13 -14 -15
leaf_value=-0.00046134458617598284 0.0010870202991645783 0.0088369414548982277 0.0050185726145687308 0.0044121439754962917 0.0012341530855636458 0.0024458620235323909 0.0004030135138115535 0.0046020041769370438 -0.0016444568678076999 -0.00081764264663573925 0.00011649294603336189 -0.00014612905860233766 0.00013856803004663173 -0.00085273945354856549
leaf_weight=420 57 10.999999999999998 23 12.999999999999998 35 25 36 9.9999999999999982 90 26 197 12.999999999999998 21 185
leaf_count=420 57 11 23 13 35 25 36 10 90 26 197 13 21 185
internal_value=8.12839e-13 0.00319184 0.00252414 0.00170454 -0.000313754 1.31013e-05 -0.00010704 0.000957136 -0.000638147 0.000359617 -0.000287797 0.00155913 -0.00130713 -0.000648182
internal_weight=1162 104 93 70 1058 527 489 71 531 61 418 38 111 221
internal_count=1162 104 93 70 1058 527 489 71 531 61 418 38 111 221
is_linear=0
shrinkage=0.03


Tree=88
num_leaves=15
num_cat=0
split_feature=0 94 45 44 75 0 92 73 3 24 16 72 23 55
split_gain=1.21949 0.356107 0.224697 0.139447 0.111664 0.0784823 0.116177 0.0978317 0.0683536 0.0644037 0.0624382 0.0603341 0.0751628 0.151678
threshold=1.018 -0.037624999999999992 3.8850000000000002 3.9650000000000003 7.1485983707997649 -0.53849999999999987 -0.57543749999999994 6.8753728207289813 1.3650000000000004 26.452500000000004 0.12864318099120173 29.874583333333337 13.06 3.6500000000000008
decision_type=2 2 2 2 2 2 2 2 2 2 2 2 2 2
left_child=1 4 -2 8 5 11 -7 -8 -3 -6 -5 -1 13 -13
right_child=2 3 -4 10 9 6 7 -9 -10 -11 -12 12 -14 -15
leaf_value=0.0010195262863692876 0.0037594087142497298 -0.0014116842644289135 0.0087871768325567239 0.004730490744113921 0.0021360401501879095 0.0028079516231082377 -4.2372335360075776e-05 -0.0016177129165197794 0.001292487792275354 -6.3658712846834369e-05 0.0018271893449127673 0.0034182377206161615 -0.00093899495097687338 -0.00039766625400552578
leaf_weight=19 24 9.9999999999999982 11.999999999999998 15.000000000000002 25 11.999999999999998 393 39 53 23 11.999999999999998 9.9999999999999982 365 150
leaf_count=19 24 10 12 15 25 12 393 39 53 23 12 10 365 150
internal_value=-2.13841e-12 -0.000173776 0.00543533 0.00163632 -0.000331024 -0.000399674 -0.000103711 -0.000184591 0.000863254 0.00108202 0.00344013 -0.000641231 -0.000701335 -0.000159172
internal_weight=1162 1126 36 90 1036 988 444 432 63 48 27 544 525 160
internal_count=1162 1126 36 90 1036 988 444 432 63 48 27 544 525 160
is_linear=0
shrinkage=0.03


Tree=89
num_leaves=15
num_cat=0
split_feature=88 83 52 7 66 6 49 6 83 34 4 44 67 73
split_gain=1.14827 0.391172 0.170778 0.11781 0.120387 0.202655 0.143153 0.112791 0.0996751 0.0959309 0.0998717 0.0782788 0.0641044 0.0635235
threshold=0.18750000000000003 4.6653409000972008 8.9000000000000021 2.1936679914508099 58.100000000000001 58.100000000000001 0.099888325607700598 96.070000000000007 1.1123087136310394 -0.034999999999999996 4.9350000000000014 5.0750000000000011 68.035000000000011 5.1428873732466478
decision_type=2 2 2 2 2 2 2 2 2 2 2 2 2 2
left_child=3 2 7 8 -5 -6 -7 -2 13 -8 12 -10 -11 -1
right_child=1 -3 -4 4 5 6 9 -9 11 10 -12 -13 -14 -15
leaf_value=0.00063059766955386916 0.0044665129564236848 0.0076728533953428265 0.00060511573738254167 -0.00071321930171689015 0.0045331304781138894 -0.00060993153136570022 -0.00018285827841248612 0.0017458735143009107 -0.00089762859946374755 -0.00048422533795237547 0.0039955736808478829 0.00083066048291511826 0.0011932271723650812 -0.0010244059758926075
leaf_weight=82 32 13.999999999999998 34 140 9.9999999999999982 126 81 24 417 25 9.9999999999999982 25 114 28
leaf_count=82 32 14 34 140 10 126 81 24 417 25 10 25 114 28
internal_value=-6.22996e-13 0.00300792 0.00228226 -0.000295674 3.49718e-05 0.000321165 0.000202851 0.00330052 -0.000598766 0.000648115 0.00109985 -0.000799875 0.000891527 0.000209324
internal_weight=1162 104 90 1058 506 366 356 56 552 230 149 442 139 110
internal_count=1162 104 90 1058 506 366 356 56 552 230 149 442 139 110
is_linear=0
shrinkage=0.03


Tree=90
num_leaves=15
num_cat=0
split_feature=0 94 32 26 83 5 46 83 67 27 8 41 45 25
split_gain=1.0876 0.313187 0.20889 0.128709 0.102612 0.153741 0.317709 0.102416 0.0971304 0.0788681 0.0871154 0.139474 0.0788136 0.0636827
threshold=1.018 -0.037624999999999992 1.6250000000000002 26.230000000000004 2.2046711233451011 3.6500000000000008 2.8512500000000007 1.0648862383372431 94.395000000000024 5.145194165138844 1.635 4.9350000000000014 4.9750000000000005 2.00349693117264
decision_type=2 2 2 2 2 2 2 2 2 2 2 2 2 2
left_child=1 4 -2 -3 7 6 -6 -1 9 10 11 -7 -9 -14
right_child=2 3 -4 -5 5 8 -8 12 -10 -11 -12 -13 13 -15
leaf_value=0.00030439696719305234 0.0088178015649318688 0.0022175318328663705 0.0037157542817294596 -0.00034795731946360317 0.0059756891463290567 -0.00021717151678684685 0.00043656351618978314 -0.0008769351260656241 0.0012506641212825637 0.0012365982606290624 -0.00063351757794773101 0.0039303360736666938 -0.00087388059915974705 0.0023104949668049813
leaf_weight=94 9.9999999999999982 66 26 24 10.999999999999998 27 61 426 37 26 321 9.9999999999999982 10.000000000000002 12.999999999999998
leaf_count=94 10 66 26 24 11 27 61 426 37 26 321 10 10 13
internal_value=1.45319e-12 -0.00016411 0.00513299 0.0015334 -0.000311577 1.76404e-06 0.00128282 -0.000596065 -0.000217324 -0.00035877 -0.000474635 0.000903776 -0.000784581 0.000925984
internal_weight=1162 1126 36 90 1036 493 72 543 421 384 358 37 449 23
internal_count=1162 1126 36 90 1036 493 72 543 421 384 358 37 449 23
is_linear=0
shrinkage=0.03


Tree=91
num_leaves=15
num_cat=0
split_feature=87 73 0 83 73 91 61 39 74 25 60 37 7 0
split_gain=1.02384 0.374973 0.151696 0.136088 0.0766838 0.0737689 0.0712332 0.104007 0.0811348 0.0673807 0.0907932 0.0673686 0.0673236 0.0644238
threshold=0.55550000000000022 8.4975051125537977 -0.31349999999999995 4.6653409000972008 10.930193087885209 0.015173990905593146 5.8375000000000004 2.570416666666667 1.3518202453517871 2.7740887991331848 0.035355339059450486 2.1850000000000005 0.081324889457401475 -0.56749999999999978
decision_type=2 2 2 2 2 2 2 2 2 2 2 2 2 2
left_child=2 -2 6 -3 5 -4 8 11 12 -10 -11 -8 -1 -9
right_child=1 3 4 -5 -6 -7 7 13 9 10 -12 -13 -14 -15
leaf_value=-0.00077978646427464594 0.0016013176225905502 0.0043500071567924388 -0.00025798914620521062 0.0084307936020195495 -0.002048987226560712 0.0010305116004291001 -0.00059755721176318693 -0.00042791210862924342 -0.0005085067981603406 0.003180720995107549 4.39992346515765e-05 -0.0015651378418052835 0.00097743354463455034 0.0020840089415501365
leaf_weight=26 43 19.000000000000004 57 11.999999999999998 9.9999999999999982 134 169 20 411 9.9999999999999982 49 105 80 17
leaf_count=26 43 19 57 12 10 134 169 20 411 10 49 105 80 17
internal_value=-5.21652e-13 0.00341454 -0.000232239 0.00592967 0.000511907 0.000645985 -0.000400868 -0.000766742 -0.000203321 -0.000372411 0.000575647 -0.000968345 0.000546417 0.000726214
internal_weight=1162 74 1088 31 201 191 887 311 576 470 59 274 106 37
internal_count=1162 74 1088 31 201 191 887 311 576 470 59 274 106 37
is_linear=0
shrinkage=0.03


Tree=92
num_leaves=15
num_cat=0
split_feature=0 0 32 18 67 19 61 56 4 56 1 68 21 34
split_gain=0.972329 0.278728 0.186711 0.148234 0.0967108 0.087787 0.0818072 0.0782898 0.0731038 0.20741 0.0754964 0.0984818 0.0700568 0.0673491
threshold=1.018 -0.13149999999999998 1.6250000000000002 0.5289257548573435 109.12000000000002 20.705000000000002 5.8375000000000004 8.2500000000000018 1.7250000000000003 3.6500000000000008 2.8650000000000007 59.478750000000012 17.835000000000004 1.0050000000000001
decision_type=2 2 2 2 2 2 2 2 2 2 2 2 2 2
left_child=1 4 -2 5 6 -3 8 -8 9 -1 11 -10 -9 -13
right_child=2 3 -4 -5 -6 -7 7 12 10 -11 -12 13 -14 -15
leaf_value=0.0047944347392767667 0.0083370707631111145 0.00369451270904392 0.0035134746958143431 -0.0014519621426006778 0.0019979135062385468 0.0012722146804033613 -0.0010671766799959269 0.0010081644592573867 -0.00081188952288357541 4.5133605744922534e-05 0.00059727497139613623 -0.00010369671755250823 -0.00055971387024328573 0.0018513936652144525
leaf_weight=9.9999999999999982 9.9999999999999982 15.999999999999998 26 15.999999999999998 15.999999999999998 85 220 35 250 48 81 236 96 17
leaf_count=10 10 16 26 16 16 85 220 35 250 48 81 236 96 17
internal_value=-2.54045e-12 -0.00015517 0.00485336 0.00123093 -0.000315897 0.00165595 -0.000353179 -0.000721441 -0.00015184 0.000863979 -0.000252726 -0.000389605 -0.000140815 2.7673e-05
internal_weight=1162 1126 36 117 1009 101 993 351 642 58 584 503 131 253
internal_count=1162 1126 36 117 1009 101 993 351 642 58 584 503 131 253
is_linear=0
shrinkage=0.03


Tree=93
num_leaves=15
num_cat=0
split_feature=0 94 45 44 83 5 46 83 67 27 8 41 45 25
split_gain=0.914864 0.263076 0.178823 0.113782 0.0913085 0.134248 0.28786 0.0889151 0.0852644 0.0697998 0.0818913 0.130367 0.0697833 0.0606801
threshold=1.018 -0.037624999999999992 3.8850000000000002 3.9650000000000003 2.2046711233451011 3.6500000000000008 2.8512500000000007 1.1123087136310394 94.395000000000024 5.145194165138844 1.635 4.9350000000000014 4.9750000000000005 2.3761482040094815
decision_type=2 2 2 2 2 2 2 2 2 2 2 2 2 2
left_child=1 4 -2 13 7 6 -6 -1 9 10 11 -7 -9 -3
right_child=2 3 -4 -5 5 8 -8 12 -10 -11 -12 -13 -14 -15
leaf_value=0.00023469157961349433 0.0032126756885554643 0.0013653174242270842 0.0076979337260127062 0.0030346687919356758 0.0056739784777164459 -0.00018363457897471055 0.00040147663959823012 -0.00082981890454727992 0.0011805804659662817 0.0011735069898601909 -0.00059038949590154582 0.0038261750468518586 0.00086771576118695984 -0.00060974362239773778
leaf_weight=104 24 42 11.999999999999998 27 10.999999999999998 27 61 416 37 26 321 9.9999999999999982 23 21
leaf_count=104 24 42 12 27 11 27 61 416 37 26 321 10 23 21
internal_value=2.37665e-12 -0.000150515 0.00470776 0.00140528 -0.00028567 9.9089e-06 0.001207 -0.000554032 -0.000194819 -0.000327344 -0.000436345 0.000900098 -0.000740882 0.000706964
internal_weight=1162 1126 36 90 1036 493 72 543 421 384 358 37 439 63
internal_count=1162 1126 36 90 1036 493 72 543 421 384 358 37 439 63
is_linear=0
shrinkage=0.03


Tree=94
num_leaves=15
num_cat=0
split_feature=88 91 52 7 67 81 4 50 59 83 61 56 81 44
split_gain=0.862366 0.311607 0.153724 0.0942196 0.0959714 0.0915806 0.163376 0.171722 0.0770272 0.106305 0.0708831 0.0675155 0.0637611 0.0634392
threshold=0.18750000000000003 0.1908460776954706 8.9000000000000021 2.1936679914508099 97.75500000000001 2.7078775239006068 1.7050000000000003 4.7166666666666677 6.2562500000000005 1.625589841470888 5.7750000000000012 7.4000000000000012 3.4844100065416446 3.9550000000000005
decision_type=2 2 2 2 2 2 2 2 2 2 2 2 2 2
left_child=3 2 13 8 5 6 -5 -8 9 10 -1 -10 -7 -2
right_child=1 -3 -4 4 -6 12 7 -9 11 -11 -12 -13 -14 -15
leaf_value=0.0001175230919237947 0.0022685273955217918 0.0076413763761520393 0.00045946460162453793 0.0042012295648455617 0.0013459825858159961 -0.00089373194361211383 -5.8413635877355854e-05 0.0036831236025318503 -0.001925285178809785 -0.00069261971956449621 0.0021311045577749612 -0.00067084057172978637 -1.26462272399814e-05 0.0043137182933943611
leaf_weight=125 39 9.9999999999999982 34 9.9999999999999982 46 132 138 11.999999999999998 52 207 18 150 168 21
leaf_count=125 39 10 34 10 46 132 138 12 52 207 18 150 168 21
internal_value=-2.0064e-12 0.00260669 0.00207109 -0.000256235 3.94599e-05 -9.11924e-05 0.000488429 0.000240909 -0.000527288 -0.000258063 0.000370981 -0.000993767 -0.000400324 0.00298434
internal_weight=1162 104 94 1058 506 460 160 150 552 350 143 202 300 60
internal_count=1162 104 94 1058 506 460 160 150 552 350 143 202 300 60
is_linear=0
shrinkage=0.03


Tree=95
num_leaves=15
num_cat=0
split_feature=0 0 32 18 67 19 61 56 4 56 1 68 21 34
split_gain=0.819049 0.233404 0.162647 0.131639 0.0833709 0.0771568 0.0710434 0.0683032 0.0639433 0.181578 0.0661413 0.0868091 0.0628839 0.0620671
threshold=1.018 -0.13149999999999998 1.6250000000000002 0.5289257548573435 109.12000000000002 20.705000000000002 5.8375000000000004 8.2500000000000018 1.7250000000000003 3.6500000000000008 2.8650000000000007 59.478750000000012 17.835000000000004 1.0050000000000001
decision_type=2 2 2 2 2 2 2 2 2 2 2 2 2 2
left_child=1 4 -2 5 6 -3 8 -8 9 -1 11 -10 -9 -13
right_child=2 3 -4 -5 -6 -7 7 12 10 -11 -12 13 -14 -15
leaf_value=0.0044911171873100097 0.0077058941423892961 0.0034376689139753577 0.0032038526699090233 -0.0014022604760248213 0.0018588182757957837 0.0011667601788067259 -0.00099022346110227348 0.00096361072057126352 -0.00075542493649089013 4.7403169955941844e-05 0.0005647590712006031 -9.3299509081604768e-05 -0.00052183517302182734 0.0017835599541499772
leaf_weight=9.9999999999999982 9.9999999999999982 15.999999999999998 26 15.999999999999998 15.999999999999998 85 220 35 250 48 81 236 96 17
leaf_count=10 10 16 26 16 16 85 220 35 250 48 81 236 96 17
internal_value=3.2723e-13 -0.000142415 0.00445442 0.00112599 -0.000289495 0.00152651 -0.00032411 -0.00066729 -0.000136483 0.000813561 -0.000230837 -0.000358955 -0.00012496 3.28136e-05
internal_weight=1162 1126 36 117 1009 101 993 351 642 58 584 503 131 253
internal_count=1162 1126 36 117 1009 101 993 351 642 58 584 503 131 253
is_linear=0
shrinkage=0.03


Tree=96
num_leaves=15
num_cat=0
split_feature=0 83 0 29 18 92 28 40 59 36 37 79 56 8
split_gain=0.770866 0.250988 0.150225 0.0820443 0.0815901 0.0999662 0.0640593 0.061133 0.186475 0.0736976 0.0575898 0.11186 0.0765728 0.0505696
threshold=0.73550000000000015 4.6653409000972008 -0.31349999999999995 6.2418292661650403 0.5289257548573435 0.10587500000000001 22.29291666666667 0.052581105071317157 3.6062500000000006 0.05700858384792401 2.1706250000000007 3.3586492193551174 3.8500000000000001 1.6050000000000002
decision_type=2 2 2 2 2 2 2 2 2 2 2 2 2 2
left_child=2 3 7 -2 5 -4 -7 8 -1 -10 12 -12 -9 -14
right_child=1 -3 4 -5 -6 6 -8 10 9 -11 11 -13 13 -15
leaf_value=0.004153499020496383 0.0014428158260748854 0.0074961531026796861 0.00033853890694945222 0.0040849099428776434 -0.0016056626625359058 -0.00015751178772188722 0.0025739748222643835 -0.0014240063161930895 -0.00028048971613720317 0.0021728011441882701 -0.0011950669502367272 0.0020869114547967913 0.0018958307350985704 -0.00025815207201838311
leaf_weight=9.9999999999999982 28 10.999999999999998 160 17 14.999999999999998 9.9999999999999982 34 52 135 11.999999999999998 143 9.9999999999999982 9.9999999999999982 515
leaf_count=10 28 11 160 17 15 10 34 52 135 12 143 10 10 515
internal_value=1.96423e-12 0.00343393 -0.00017387 0.00244094 0.000529778 0.000686795 0.00195318 -0.0003476 0.000189443 -8.02211e-05 -0.000463101 -0.000980559 -0.00032589 -0.000217124
internal_weight=1162 56 1106 45 219 204 44 887 157 147 730 153 577 525
internal_count=1162 56 1106 45 219 204 44 887 157 147 730 153 577 525
is_linear=0
shrinkage=0.03


Tree=97
num_leaves=15
num_cat=0
split_feature=0 0 45 18 74 19 40 61 0 49 93 78 45 76
split_gain=0.728061 0.207091 0.146298 0.117041 0.0771628 0.0692775 0.0572378 0.200703 0.0588303 0.0731106 0.0552666 0.0491094 0.0517212 0.0640247
threshold=1.018 -0.13149999999999998 3.8850000000000002 0.5289257548573435 7.1485983707997649 20.705000000000002 0.054320697028722546 3.620833333333334 -0.52549999999999997 0.088479214669953649 0.03584775841113174 0.15359418521277982 4.6750000000000007 3.3898555666768142
decision_type=2 2 2 2 2 2 2 2 2 2 2 2 2 2
left_child=1 4 -2 5 6 -3 7 -1 -9 -10 -6 -8 13 -13
right_child=2 3 -4 -5 10 -7 11 8 9 -11 -12 12 -14 -15
leaf_value=0.0042924020318314436 0.0028474119544262062 0.0032491044758353382 0.0069043284654617312 -0.0013234545732848345 0.0018834133235737681 0.0010972719215240111 0.00066347751686407714 -0.00049843151599348841 7.5871141317682998e-05 0.0025791942773919019 -0.00033367495737312468 -0.00069172875102234833 0.00033724148048176652 6.9995702020605679e-05
leaf_weight=9.9999999999999982 24 15.999999999999998 11.999999999999998 15.999999999999998 25 85 35 107 42 13.999999999999998 17 576 63 120
leaf_count=10 24 16 12 16 25 85 35 107 42 14 17 576 63 120
internal_value=4.31683e-12 -0.000134272 0.00419972 0.0010605 -0.000272813 0.00143816 -0.000327488 0.000166978 -8.61157e-05 0.000701702 0.00098602 -0.000435225 -0.000485889 -0.000560397
internal_weight=1162 1126 36 117 1009 101 967 173 163 56 42 794 759 696
internal_count=1162 1126 36 117 1009 101 967 173 163 56 42 794 759 696
is_linear=0
shrinkage=0.03


Tree=98
num_leaves=15
num_cat=0
split_feature=87 73 83 0 73 91 40 56 36 56 37 79 1 74
split_gain=0.686508 0.268759 0.100934 0.100889 0.0590867 0.0576294 0.0545649 0.168841 0.0710971 0.0536655 0.0703997 0.103901 0.0475917 0.0458342
threshold=0.55550000000000022 8.4975051125537977 4.6653409000972008 -0.31349999999999995 10.930193087885209 0.015173990905593146 0.052581105071317157 3.6500000000000008 0.05700858384792401 3.8500000000000001 2.1706250000000007 3.3586492193551174 1.635 1.3007444905651646
decision_type=2 2 2 2 2 2 2 2 2 2 2 2 2 2
left_child=3 -2 -3 6 5 -5 7 -1 -9 -8 12 -12 -11 -14
right_child=1 2 -4 4 -6 -7 9 8 -10 10 11 -13 13 -15
leaf_value=0.0037638730352575131 0.0012609279639802353 0.0035649127817075493 0.0070793267711997026 -0.00026460129297399695 -0.0018312444705516099 0.00087425835781605613 -0.0013656070013978304 -0.00027933160617572459 0.0022288584251972761 0.0013608543865163537 -0.0011385847429925627 0.0020244894269853828 0.0002624133032205624 -0.00041040814584717398
leaf_weight=10.999999999999998 43 19.000000000000004 11.999999999999998 57 9.9999999999999982 134 52 135 10.999999999999998 17 143 9.9999999999999982 119 389
leaf_count=11 43 19 12 57 10 134 52 135 11 17 143 10 119 389
internal_value=-1.5488e-12 0.00279602 0.00492533 -0.00019017 0.000416696 0.000534389 -0.00032769 0.000179683 -9.03584e-05 -0.00043681 -0.000365575 -0.000931848 -0.000200547 -0.000252798
internal_weight=1162 74 31 1088 201 191 887 157 146 730 678 153 525 508
internal_count=1162 74 31 1088 201 191 887 157 146 730 678 153 525 508
is_linear=0
shrinkage=0.03


Tree=99
num_leaves=15
num_cat=0
split_feature=0 94 35 26 49 40 95 79 83 34 33 94 55 48
split_gain=0.650667 0.183898 0.134129 0.0895658 0.0741927 0.114873 0.105128 0.0776951 0.063996 0.0652486 0.0726775 0.0559579 0.0604143 0.0497664
threshold=1.018 -0.037624999999999992 1.7562500000000003 26.230000000000004 0.12894488220065364 0.055969411509745139 0.026300563666592235 3.4329311719479123 1.0648862383372431 2.6550000000000007 2.1450000000000005 -0.57070833333333326 3.7500000000000004 3.6718750000000004
decision_type=2 2 2 2 2 2 2 2 2 2 2 2 2 2
left_child=1 4 -2 -3 8 6 -6 -7 -1 10 11 12 -10 -9
right_child=2 3 -4 -5 5 7 -8 13 9 -11 -12 -13 -14 -15
leaf_value=0.00042175961786571341 0.0065599071048200123 0.0017445277587764642 0.0026753897544404023 -0.00039558177755679932 0.00045293436189623243 -0.00033814117590054589 0.0040396189934108406 0.0011150269846279008 0.0020752905685962604 0.00090168054357895417 -0.001363887461245452 -0.00075381668937110537 -0.00020922124355030955 -0.00033870390582559328
leaf_weight=70 11.999999999999998 66 24 24 19.000000000000004 256 11.999999999999998 67 10.999999999999998 27 95 251 197 31
leaf_count=70 12 66 24 24 19 256 12 67 11 27 95 251 197 31
internal_value=-2.76239e-12 -0.000126934 0.00397023 0.00117383 -0.000239935 9.01923e-05 0.00184133 -6.31558e-05 -0.000435172 -0.000538417 -0.000608602 -0.00045228 -8.84057e-05 0.000655173
internal_weight=1162 1126 36 90 1036 385 31 354 651 581 554 459 208 98
internal_count=1162 1126 36 90 1036 385 31 354 651 581 554 459 208 98
is_linear=0
shrinkage=0.03


Tree=100
num_leaves=15
num_cat=0
split_feature=87 73 83 0 73 91 40 59 36 56 37 79 8 89
split_gain=0.61299 0.241451 0.0938848 0.0883476 0.0548203 0.0520792 0.0492334 0.155673 0.0606346 0.050047 0.0644438 0.0952335 0.0455587 0.0449818
threshold=0.55550000000000022 8.4975051125537977 4.6653409000972008 -0.31349999999999995 10.930193087885209 0.015173990905593146 0.052581105071317157 3.6062500000000006 0.05700858384792401 3.8500000000000001 2.1706250000000007 3.3586492193551174 1.6050000000000002 -0.14349999999999996
decision_type=2 2 2 2 2 2 2 2 2 2 2 2 2 2
left_child=3 -2 -3 6 5 13 7 -1 -9 -8 12 -12 -11 -5
right_child=1 2 -4 4 -6 -7 9 8 -10 10 11 -13 -14 -15
leaf_value=0.0037954683860298246 0.001187054875826593 0.0033482519811705532 0.0067377260327339166 0.00031455887540897284 -0.0017770672626793384 0.00082464905329736706 -0.0013089772434726069 -0.00025448219444499249 0.0019707882474176586 0.0018201824203133582 -0.0010829643360330964 0.001945300368592143 -0.00022429777168752444 -0.0014984868230142941
leaf_weight=9.9999999999999982 43 19.000000000000004 11.999999999999998 39 9.9999999999999982 134 52 135 11.999999999999998 9.9999999999999982 143 9.9999999999999982 515 18
leaf_count=10 43 19 12 39 10 134 52 135 12 10 143 10 515 18
internal_value=-9.69668e-13 0.00264207 0.00466031 -0.000179699 0.000388196 0.00050156 -0.000308388 0.000173561 -7.28275e-05 -0.00041204 -0.000343248 -0.000885039 -0.000185355 -0.000257982
internal_weight=1162 74 31 1088 201 191 887 157 147 730 678 153 525 57
internal_count=1162 74 31 1088 201 191 887 157 147 730 678 153 525 57
is_linear=0
shrinkage=0.03


Tree=101
num_leaves=15
num_cat=0
split_feature=0 0 32 18 67 19 49 40 30 27 83 73 69 52
split_gain=0.581504 0.163091 0.121213 0.0991888 0.0673384 0.0587052 0.0564215 0.1098 0.0965753 0.0645162 0.0519057 0.0564477 0.0413022 0.041294
threshold=1.018 -0.13149999999999998 1.6250000000000002 0.5289257548573435 109.12000000000002 20.705000000000002 0.12808685493726124 0.055016956351632861 0.18500000000000003 4.8593976327017598 1.0857019129150329 5.1428873732466478 4.9177535437463566 9.8500000000000032
decision_type=2 2 2 2 2 2 2 2 2 2 2 2 2 2
left_child=1 4 -2 5 6 -3 10 8 -8 -9 11 -1 -4 -12
right_child=2 3 12 -5 -6 -7 7 9 -10 -11 13 -13 -14 -15
leaf_value=0.00078949294813875374 0.0065602252185344694 0.0029549922386649997 0.0017284203568124208 -0.0012543453555554152 0.0016877852857578545 0.00097414622516097391 0.0041972813056781874 -0.00025485711475355214 0.00052025225678031957 0.0012517616049652653 -0.00057666303082451887 -0.0010039447942637543 0.0041861531361937522 0.001368501144752372
leaf_weight=56 9.9999999999999982 15.999999999999998 16.000000000000004 15.999999999999998 15.999999999999998 85 10.000000000000002 296 18 28 553 22 9.9999999999999982 9.9999999999999982
leaf_count=56 10 16 16 16 16 85 10 296 18 28 553 22 10 10
internal_value=6.63665e-13 -0.000119999 0.00375329 0.00094028 -0.000242945 0.00128794 -0.000274054 3.1105e-05 0.00183348 -0.000124655 -0.00044163 0.000283652 0.0026737 -0.000542113
internal_weight=1162 1126 36 117 1009 101 993 352 28 324 641 78 26 563
internal_count=1162 1126 36 117 1009 101 993 352 28 324 641 78 26 563
is_linear=0
shrinkage=0.03


Tree=102
num_leaves=15
num_cat=0
split_feature=0 94 35 44 83 55 40 34 61 6 1 89 78 77
split_gain=0.547137 0.154423 0.114445 0.0827094 0.0654844 0.0938297 0.217027 0.0716464 0.0882636 0.0643435 0.0826884 0.0752932 0.0633618 0.0585663
threshold=1.018 -0.037624999999999992 1.7562500000000003 3.9650000000000003 2.2046711233451011 3.6500000000000008 0.079629820270537999 0.13500000000000004 6.2041666666666675 74.595000000000013 1.635 -0.16849999999999998 3.0827887156362204 1.7204504389067401
decision_type=2 2 2 2 2 2 2 2 2 2 2 2 2 2
left_child=1 4 -2 -3 7 6 -6 -1 13 10 12 -11 -7 -9
right_child=2 3 -4 -5 5 9 -8 8 -10 11 -12 -13 -14 -15
leaf_value=-0.0020857515874440256 0.0060328190401196481 0.00048020231282515895 0.0024446302623255178 0.0024647788135593552 0.005118361204862594 0.0025718944878982642 0.00037580405417512254 0.00029482403291755568 -0.00085923481423822346 0.00070179910214673998 -0.00057267484772412843 -0.0012543529311993293 -0.00028231677599251272 -0.00053177924771767322
leaf_weight=23 11.999999999999998 63 24 27 9.9999999999999982 14.000000000000002 66 180 205 113 255 21 13.999999999999998 135
leaf_count=23 12 63 24 27 10 14 66 180 205 113 255 21 14 135
internal_value=7.8586e-13 -0.000116399 0.00364069 0.00107558 -0.000219949 3.03663e-05 0.000999825 -0.000447214 -0.00037474 -0.000146322 -0.000402749 0.000395238 0.00114479 -5.94345e-05
internal_weight=1162 1126 36 90 1036 493 76 543 520 417 283 134 28 315
internal_count=1162 1126 36 90 1036 493 76 543 520 417 283 134 28 315
is_linear=0
shrinkage=0.03


Tree=103
num_leaves=15
num_cat=0
split_feature=0 83 7 24 82 50 93 88 46 5 78 43 0 24
split_gain=0.517384 0.180856 0.0997531 0.125562 0.0855744 0.066843 0.0813447 0.0856397 0.0694878 0.0632511 0.0620097 0.0590759 0.0569361 0.0535802
threshold=0.73550000000000015 4.6653409000972008 3.4346751958460158 17.525000000000002 0.27920434175063402 4.652916666666667 0.012689629446429273 -0.50549999999999995 4.9000000000000012 3.5500000000000003 0.85782046103224385 4.2250000000000005 1.7180000000000002 26.081250000000004
decision_type=2 2 2 2 2 2 2 2 2 2 2 2 2 2
left_child=2 12 5 -4 13 9 -7 8 -8 -1 -11 -6 -2 -5
right_child=1 -3 3 4 11 6 7 -9 -10 10 -12 -13 -14 -15
leaf_value=0.0017828496202128008 0.0008792419960214332 0.0062615396488796583 -0.00046377811366571972 0.0021099985904663547 -0.0004199410843885625 -0.0013561395610518314 0.0010964127281396132 -0.00020951323151107757 0.0039251273599537938 0.00026928054036593841 -0.00051830642369790126 0.0021242019832134248 0.0030139874476615498 0.00059505037728847712
leaf_weight=11.999999999999998 22 10.999999999999998 92 55 46 17 27 31 10.999999999999998 104 667 9.9999999999999982 23 34
leaf_count=12 22 11 92 55 46 17 27 31 11 104 667 10 23 34
internal_value=-7.90462e-13 0.00281325 -0.000142443 0.000403117 0.000953147 -0.000291232 0.000502677 0.000960647 0.00191525 -0.00037843 -0.000412069 3.43702e-05 0.00197033 0.00153125
internal_weight=1162 56 1106 237 145 869 86 69 38 783 771 56 45 89
internal_count=1162 56 1106 237 145 869 86 69 38 783 771 56 45 89
is_linear=0
shrinkage=0.03


Tree=104
num_leaves=15
num_cat=0
split_feature=88 91 44 94 7 67 81 76 34 12 59 1 56 70
split_gain=0.487088 0.193967 0.107806 0.0672871 0.062493 0.0664172 0.0760141 0.128441 0.1735 0.0973482 0.0581674 0.0775339 0.0521268 0.0496736
threshold=0.18750000000000003 0.1908460776954706 3.9550000000000005 2.082416666666667 2.1936679914508099 97.75500000000001 2.7078775239006068 2.5879000223302255 0.28500000000000009 1.675 6.2562500000000005 2.4650000000000003 7.4000000000000012 24.128750000000004
decision_type=2 2 2 2 2 2 2 2 2 2 2 2 2 2
left_child=4 2 3 -2 10 6 7 -6 9 -9 11 -1 -12 -13
right_child=1 -3 -4 -5 5 -7 -8 8 -10 -11 12 13 -14 -15
leaf_value=-0.00062333499474293182 0.00050901494016503221 0.0059312770441174506 0.003430705570748874 0.0027106803702190516 -7.2309242260464661e-05 0.0011351366882666734 -0.00034208085015052347 0.0016590715479105705 -0.00011864214119586078 0.0054803584516048432 -0.0016371935380336184 -0.0013231581560103221 -0.0005349434906383976 0.00043100593200138003
leaf_weight=176 57 9.9999999999999982 21 15.999999999999998 114 46 300 12.000000000000002 22 11.999999999999998 52 15.999999999999998 150 158
leaf_count=176 57 10 21 16 114 46 300 12 22 12 52 16 150 158
internal_value=-2.63606e-12 0.00195906 0.00153648 0.000991572 -0.000192573 4.82447e-05 -6.04445e-05 0.000467624 0.00180572 0.00356971 -0.000413323 -0.000179367 -0.000818691 0.000269703
internal_weight=1162 104 94 73 1058 506 460 160 46 24 552 350 202 174
internal_count=1162 104 94 73 1058 506 460 160 46 24 552 350 202 174
is_linear=0
shrinkage=0.03


Tree=105
num_leaves=15
num_cat=0
split_feature=0 83 7 24 82 50 93 88 46 5 78 43 24 0
split_gain=0.460712 0.16315 0.0908118 0.114318 0.0788333 0.0602813 0.0739494 0.0758262 0.0620561 0.0565397 0.055638 0.0523843 0.0509876 0.0498766
threshold=0.73550000000000015 4.6653409000972008 3.4346751958460158 17.525000000000002 0.27641409090060842 4.652916666666667 0.012689629446429273 -0.50549999999999995 4.9000000000000012 3.5500000000000003 0.85782046103224385 4.2250000000000005 26.081250000000004 2.0550000000000006
decision_type=2 2 2 2 2 2 2 2 2 2 2 2 2 2
left_child=2 13 5 -4 12 9 -7 8 -8 -1 -11 -6 -5 -2
right_child=1 -3 3 4 11 6 7 -9 -10 10 -12 -13 -14 -15
leaf_value=0.0016842147812712936 0.00096079106582910758 0.0059298539331013502 -0.00044104745249648616 0.0020469177569288552 -0.00037771208858256169 -0.0012947528557304072 0.0010386442923598022 -0.00018686457026389336 0.0037118175964463841 0.00025440449733510974 -0.00049162290146472453 0.0020134580489248035 0.00056385887214941354 0.0029707682632142676
leaf_weight=11.999999999999998 25 10.999999999999998 92 54 47 17 27 31 10.999999999999998 104 667 9.9999999999999982 34 20
leaf_count=12 25 11 92 54 47 17 27 31 11 104 667 10 34 20
internal_value=1.24589e-12 0.00265471 -0.000134415 0.00038612 0.000910944 -0.00027638 0.000477556 0.000914211 0.00181246 -0.000359188 -0.000390991 4.17914e-05 0.00147392 0.00185411
internal_weight=1162 56 1106 237 145 869 86 69 38 783 771 57 88 45
internal_count=1162 56 1106 237 145 869 86 69 38 783 771 57 88 45
is_linear=0
shrinkage=0.03


Tree=106
num_leaves=15
num_cat=0
split_feature=0 83 7 24 82 5 4 84 39 1 68 41 91 26
split_gain=0.433484 0.153508 0.0854448 0.107561 0.0741742 0.0571006 0.120934 0.085922 0.061742 0.0612589 0.0821357 0.111313 0.0598046 0.052329
threshold=0.73550000000000015 4.6653409000972008 3.4346751958460158 17.525000000000002 0.27641409090060842 5.8500000000000005 1.5950000000000004 0.10807117182267471 2.4787500000000002 2.8150000000000004 59.478750000000012 4.8500000000000005 0.014603077406544035 16.675625
decision_type=2 2 2 2 2 2 2 2 2 2 2 2 2 2
left_child=2 -2 5 -4 -5 6 7 -1 -7 10 13 -12 -10 -8
right_child=1 -3 3 4 -6 8 9 -9 12 -11 11 -13 -14 -15
leaf_value=0.00039635429275222109 0.0017984908446960616 0.0057519582794471214 -0.00042781602614053079 0.0014297002083979102 4.0537708049860633e-05 -0.00077546234953583082 -0.0004531453237856423 0.0041616066433489323 -0.0010106416926719246 0.00053864493737109818 8.5035575974783657e-06 0.0032802598662092352 0.00078054193054627181 -0.0015727723379740895
leaf_weight=12.000000000000002 45 10.999999999999998 92 88 57 273 205 9.9999999999999982 25 91 146 9.9999999999999982 51 46
leaf_count=12 45 11 92 88 57 273 205 10 25 91 146 10 51 46
internal_value=3.0049e-12 0.00257506 -0.000130383 0.000374537 0.000883616 -0.000268088 -6.88638e-05 0.00210783 -0.000564927 -0.000165023 -0.000322354 0.000218232 0.000191337 -0.000658336
internal_weight=1162 56 1106 237 145 869 520 22 349 498 407 156 76 251
internal_count=1162 56 1106 237 145 869 520 22 349 498 407 156 76 251
is_linear=0
shrinkage=0.03


Tree=107
num_leaves=15
num_cat=0
split_feature=85 94 35 26 49 40 95 79 83 34 33 94 55 48
split_gain=0.410982 0.115719 0.10902 0.0755936 0.0532505 0.0882356 0.0751211 0.0531496 0.0469933 0.0514042 0.0604589 0.0497623 0.0542445 0.035493
threshold=1.018 -0.037624999999999992 1.7562500000000003 26.230000000000004 0.12894488220065364 0.055969411509745139 0.026300563666592235 3.4329311719479123 1.0648862383372431 2.6450000000000005 2.2050000000000005 -0.57070833333333326 3.7500000000000004 3.6718750000000004
decision_type=2 2 2 2 2 2 2 2 2 2 2 2 2 2
left_child=1 4 -2 -3 8 6 -6 -7 -1 10 11 12 -10 -9
right_child=2 3 -4 -5 5 7 -8 13 9 -11 -12 -13 -14 -15
leaf_value=0.00037840064435450978 0.0056441871821880339 0.0014403719077088328 0.0020602592383045706 -0.00055297857514866012 0.00045025612399178104 -0.00027267446873331381 0.0034821619620197452 0.00093723620970059286 0.002009112663059072 0.00080965802590981183 -0.0012706282422914228 -0.00066098702433682133 -0.00015336951082316796 -0.00029045029487010212
leaf_weight=70 10.999999999999998 67 25 23 19.000000000000004 256 11.999999999999998 67 10.999999999999998 28 80 257 205 31
leaf_count=70 11 67 25 23 19 256 12 67 11 28 80 257 205 31
internal_value=-1.60896e-12 -0.000100881 0.00315535 0.00093096 -0.00019052 8.91611e-05 0.0016239 -4.52367e-05 -0.000355923 -0.000444396 -0.000507892 -0.000378888 -4.32431e-05 0.000548886
internal_weight=1162 1126 36 90 1036 385 31 354 651 581 553 473 216 98
internal_count=1162 1126 36 90 1036 385 31 354 651 581 553 473 216 98
is_linear=0
shrinkage=0.03


Tree=108
num_leaves=15
num_cat=0
split_feature=88 91 44 94 7 67 81 78 34 12 59 3 39 56
split_gain=0.388051 0.160287 0.0937605 0.0543182 0.0510207 0.0556474 0.069125 0.110449 0.135522 0.0919612 0.0500451 0.0686395 0.0471265 0.0465725
threshold=0.18750000000000003 0.1908460776954706 3.9650000000000003 2.082416666666667 2.1936679914508099 97.75500000000001 2.7078775239006068 2.0673734363589218 0.32500000000000007 1.675 6.2562500000000005 0.23500000000000001 2.2591666666666672 7.4000000000000012
decision_type=2 2 2 2 2 2 2 2 2 2 2 2 2 2
left_child=4 2 3 -2 10 6 7 -6 9 -9 11 -1 -13 -12
right_child=1 -3 -4 -5 5 -7 -8 8 -10 -11 13 12 -14 -15
leaf_value=-0.0010510335915300639 0.00044498748412949895 0.0053595164045691489 0.003186955911107361 0.0024193896527867765 -0.00033841958032138563 0.0010405833717896198 -0.00032234970450381297 0.0011553147322099122 3.3742997145121237e-05 0.0040775154406825697 -0.0015210147205596933 0.00018576497636829681 -0.00098902606772857584 -0.00047914317983086219
leaf_weight=63 58 9.9999999999999982 20 15.999999999999998 80 46 300 21 41 18 52 252 35 150
leaf_count=63 58 10 20 16 80 46 300 21 41 18 52 252 35 150
internal_value=1.09573e-12 0.00174859 0.00136445 0.000871885 -0.000171884 4.57089e-05 -5.37785e-05 0.000449792 0.001238 0.00250402 -0.000371345 -0.000154338 4.24978e-05 -0.000747348
internal_weight=1162 104 94 74 1058 506 460 160 80 39 552 350 287 202
internal_count=1162 104 94 74 1058 506 460 160 80 39 552 350 287 202
is_linear=0
shrinkage=0.03


Tree=109
num_leaves=15
num_cat=0
split_feature=0 83 7 24 82 50 93 88 40 61 78 46 24 43
split_gain=0.365868 0.135621 0.0742067 0.093374 0.067105 0.0508539 0.0651185 0.0724105 0.0489228 0.111127 0.0511345 0.0485714 0.0470047 0.045827
threshold=0.73550000000000015 4.6653409000972008 3.4346751958460158 17.525000000000002 0.27641409090060842 4.652916666666667 0.014229620028747704 -0.50549999999999995 0.055969411509745139 3.620833333333334 0.15359418521277982 4.9000000000000012 26.081250000000004 4.2250000000000005
decision_type=2 2 2 2 2 2 2 2 2 2 2 2 2 2
left_child=2 -2 5 -4 12 8 -7 11 9 -1 -10 -8 -5 -6
right_child=1 -3 3 4 13 6 7 -9 10 -11 -12 -13 -14 -15
leaf_value=0.0029394138720817862 0.0016357935622800142 0.0053518009084192186 -0.0003968056436718578 0.0018946559280933191 -0.00036918721592767124 -0.0011058270158001075 0.001068216702528298 -0.00017883974810942044 0.00040468328801117901 -7.5914280185481226e-05 -0.00052233576927324847 0.0034604104269634591 0.00047069839288323069 0.0018673198625911026
leaf_weight=11.999999999999998 45 10.999999999999998 92 54 47 19 25 31 59 132 580 10.999999999999998 34 9.9999999999999982
leaf_count=12 45 11 92 54 47 19 25 31 59 132 580 11 34 10
internal_value=1.80092e-12 0.00236572 -0.000119783 0.000350761 0.00082508 -0.000248114 0.000444363 0.000883969 -0.000324171 0.000175363 -0.000436742 0.00179916 0.00134449 2.31824e-05
internal_weight=1162 56 1106 237 145 869 86 67 783 144 639 36 88 57
internal_count=1162 56 1106 237 145 869 86 67 783 144 639 36 88 57
is_linear=0
shrinkage=0.03


Tree=110
num_leaves=15
num_cat=0
split_feature=85 35 86 18 49 40 30 79 19 83 73 34 3 1
split_gain=0.347743 0.0970126 0.0969223 0.0776658 0.0456533 0.0832454 0.0654433 0.0480897 0.0421635 0.0367996 0.0446216 0.0394051 0.0471576 0.0425694
threshold=1.018 1.7562500000000003 -0.13149999999999998 0.5289257548573435 0.12808685493726124 0.055969411509745139 0.18500000000000003 3.4329311719479123 20.705000000000002 1.0648862383372431 5.1428873732466478 2.7050000000000005 2.1650000000000005 3.2250000000000005
decision_type=2 2 2 2 2 2 2 2 2 2 2 2 2 2
left_child=2 -2 4 8 9 6 -6 -7 -4 10 -1 12 13 -11
right_child=1 -3 3 -5 5 7 -8 -9 -10 11 -12 -13 -14 -15
leaf_value=0.0007339291241563236 0.0052502353963526814 0.0018694288512342608 0.0023580603254958988 -0.0011500743625904705 0.0035535064078867436 -0.00027651820648360426 0.00062654070545580573 0.00053726204063545837 0.00075464455094245242 -0.00030295248135343757 -0.00095643921985021346 0.00079489069196152619 -0.0011265978531446307 -0.0019828691067440168
leaf_weight=54 10.999999999999998 25 18 17 9.9999999999999982 246 22 89 82 448 19 23 84 13.999999999999998
leaf_count=54 11 25 18 17 10 246 22 89 82 448 19 23 84 14
internal_value=2.21247e-12 0.00290245 -9.2796e-05 0.00072457 -0.000187575 7.93237e-05 0.00154122 -6.03199e-05 0.00104326 -0.000340148 0.00029397 -0.000421502 -0.000472742 -0.000353859
internal_weight=1162 36 1126 117 1009 367 32 335 100 642 73 569 546 462
internal_count=1162 36 1126 117 1009 367 32 335 100 642 73 569 546 462
is_linear=0
shrinkage=0.03


Tree=111
num_leaves=15
num_cat=0
split_feature=85 67 35 91 13 37 92 20 48 74 81 3 81 75
split_gain=0.327191 0.0926509 0.0912792 0.0650723 0.0712444 0.0588018 0.0444739 0.0409385 0.0361729 0.0347722 0.0572248 0.0612366 0.0513958 0.120381
threshold=1.018 109.12000000000002 1.7562500000000003 0.034623340241849106 3.2162500000000009 2.1850000000000005 0.8688125000000001 20.805000000000003 2.9106250000000009 1.3007444905651646 2.1142305164939219 1.8050000000000004 2.7078775239006068 2.565150377793413
decision_type=2 2 2 2 2 2 2 2 2 2 2 2 2 2
left_child=1 3 -2 5 7 9 -6 -5 -7 -1 11 -11 13 -12
right_child=2 -3 -4 4 6 8 -8 -9 -10 10 12 -13 -14 -15
leaf_value=0.0003251272443919183 0.0050927282802083274 0.0016141033087790544 0.0018133459892123937 0.0019543294836249616 -0.0011861659433426602 -0.0013242661445562183 0.0011445366768166423 0.00054766868741717197 -0.00041179708362051312 -0.00083663718085857572 -9.7262866302009896e-05 0.00028275573526806164 -0.00020044992389461365 0.001933931935345754
leaf_weight=139 10.999999999999998 28 25 27 28 58 9.9999999999999982 60 120 182 85 58 293 38
leaf_count=139 11 28 25 27 28 58 10 60 120 182 85 58 293 38
internal_value=-3.41413e-13 -9.00121e-05 0.00281538 -0.000133469 0.000510878 -0.000216247 -0.000572823 0.000984219 -0.000709118 -0.000105893 -0.000197222 -0.000566117 1.56015e-05 0.000530261
internal_weight=1162 1126 36 1098 125 973 38 87 178 795 656 240 416 123
internal_count=1162 1126 36 1098 125 973 38 87 178 795 656 240 416 123
is_linear=0
shrinkage=0.03


Tree=112
num_leaves=15
num_cat=0
split_feature=88 91 44 38 49 40 95 12 83 34 33 94 59 75
split_gain=0.309613 0.133103 0.0831985 0.0461143 0.043416 0.0705325 0.0622276 0.0401148 0.0375126 0.0419049 0.0472046 0.0441569 0.0478261 0.0453787
threshold=0.18750000000000003 0.1908460776954706 3.9650000000000003 0.1200293894153328 0.12894488220065364 0.055969411509745139 0.026300563666592235 3.2850000000000006 1.0648862383372431 2.6450000000000005 2.1450000000000005 -0.57070833333333326 4.1687500000000002 2.4861515225949375
decision_type=2 2 2 2 2 2 2 2 2 2 2 2 2 2
left_child=4 2 3 -2 8 6 -6 -7 -1 10 11 12 13 -10
right_child=1 -3 -4 -5 5 7 -8 -9 9 -11 -12 -13 -14 -15
leaf_value=0.00031167568124261909 3.8399259165789072e-05 0.0048524022996425621 0.0029286357499659064 0.0015383893749676646 0.00040094734635204071 5.6382002176894431e-05 0.003160420710919425 -0.001294344270718284 0.00030786963955809675 0.00074754945376688346 -0.0010508195436559618 -0.00058262975792710669 -0.00020766774690641527 0.0025937886866317554
leaf_weight=79 39 9.9999999999999982 20 35 19.000000000000004 343 11.999999999999998 21 27 28 95 253 170 10.999999999999998
leaf_count=79 39 10 20 35 19 343 12 21 27 28 95 253 170 11
internal_value=-5.43818e-13 0.0015619 0.00121185 0.000747854 -0.000153533 9.54452e-05 0.00146913 -2.15445e-05 -0.000301868 -0.000384865 -0.000441893 -0.000316409 7.40692e-06 0.000969583
internal_weight=1162 104 94 74 1058 395 31 364 663 584 556 461 208 38
internal_count=1162 104 94 74 1058 395 31 364 663 584 556 461 208 38
is_linear=0
shrinkage=0.03


Tree=113
num_leaves=15
num_cat=0
split_feature=85 67 32 91 13 37 92 20 74 81 3 81 75 7
split_gain=0.292605 0.0848857 0.0837356 0.0575535 0.066519 0.0537928 0.0403812 0.0372727 0.0319795 0.0543321 0.0565331 0.0514164 0.114454 0.0877744
threshold=1.018 109.12000000000002 1.7550000000000001 0.034623340241849106 3.2162500000000009 2.1706250000000007 0.8688125000000001 20.805000000000003 1.3007444905651646 2.1142305164939219 1.8050000000000004 2.7078775239006068 2.565150377793413 2.7013254283234205
decision_type=2 2 2 2 2 2 2 2 2 2 2 2 2 2
left_child=1 3 -2 5 7 8 -6 -5 -1 10 -10 12 -11 -14
right_child=2 -3 -4 4 6 -7 -8 -9 9 11 -12 -13 13 -15
leaf_value=0.00031767715397860308 0.0045869215205311771 0.001546018960569719 0.0015746644797289501 0.0018622935754764409 -0.0011523242866886515 -0.00066802961879207552 0.0010685488753952087 0.00052008919068612157 -0.00080323171594620245 -7.2242427120793124e-05 0.00027944428611877619 -0.00019090863993354045 0.0032811618272680786 0.00034914444522548681
leaf_weight=138 12.999999999999998 28 23 27 28 183 9.9999999999999982 60 182 83 57 293 20 17
leaf_count=138 13 28 23 27 28 183 10 60 182 83 57 293 20 17
internal_value=-1.22063e-12 -8.51219e-05 0.00266242 -0.000126717 0.000479261 -0.000204567 -0.000567884 0.000936635 -9.72077e-05 -0.000185021 -0.00054502 2.33083e-05 0.000546355 0.00193402
internal_weight=1162 1126 36 1098 125 973 38 87 790 652 239 413 120 37
internal_count=1162 1126 36 1098 125 973 38 87 790 652 239 413 120 37
is_linear=0
shrinkage=0.03


Tree=114
num_leaves=15
num_cat=0
split_feature=88 83 45 49 40 30 29 70 77 34 33 71 82 94
split_gain=0.277165 0.121521 0.0651391 0.0399335 0.0652708 0.0582907 0.0386224 0.0382478 0.0345725 0.0357213 0.0512718 0.0324478 0.0306113 0.0291901
threshold=0.18750000000000003 4.8795999624381636 3.5250000000000004 0.12894488220065364 0.055969411509745139 0.18500000000000003 3.2426744914217269 62.150000000000013 0.18888655666995383 2.6450000000000005 2.1450000000000005 1.2637401816002172 0.17398781593691603 -0.57070833333333326
decision_type=2 2 2 2 2 2 2 2 2 2 2 2 2 2
left_child=3 2 -2 8 5 -5 -4 11 -1 10 13 -6 -11 -10
right_child=1 -3 6 4 7 -7 -8 -9 9 12 -12 -13 -14 -15
leaf_value=0.000707582562288735 0.0002309581917915039 0.0044595713845708151 0.00098043917119502999 0.0033001400073990211 0.00043308012713012952 0.00051727456872218411 0.0026168436360441976 0.00024879489477430271 6.7372313871081645e-06 0.0017783871450676363 -0.0010270873437130308 -0.00060313474009713805 -0.00021056197211146354 -0.00045410993502516316
leaf_weight=30 41 10.999999999999998 25 10.000000000000002 35 21 27 207 210 13.000000000000002 94 122 14.999999999999998 301
leaf_count=30 41 11 25 10 35 21 27 207 210 13 94 122 15 301
internal_value=1.6803e-12 0.00147779 0.00112511 -0.000145265 9.35192e-05 0.00141497 0.00183011 -1.90222e-05 -0.000287527 -0.000334689 -0.000383171 -0.000372131 0.000712879 -0.000264721
internal_weight=1162 104 93 1058 395 31 52 364 663 633 605 157 28 511
internal_count=1162 104 93 1058 395 31 52 364 663 633 605 157 28 511
is_linear=0
shrinkage=0.03


Tree=115
num_leaves=15
num_cat=0
split_feature=85 44 67 86 18 5 78 15 25 62 74 81 81 14
split_gain=0.262693 0.0768168 0.0755891 0.0521367 0.0580006 0.0348178 0.0447067 0.0741708 0.0434893 0.0563953 0.0359025 0.0448151 0.0455221 0.0892321
threshold=1.018 3.8250000000000006 109.12000000000002 -0.13149999999999998 0.5289257548573435 5.8500000000000005 1.9714702728735325 3.1231250000000004 2.6376895906495923 0.04522670168696933 1.3518202453517871 2.1142305164939219 2.7218298660592906 0.015000000000113025
decision_type=2 2 2 2 2 2 2 2 2 2 2 2 2 2
left_child=2 -2 3 5 -5 8 -7 -8 10 -10 -1 -12 13 -13
right_child=1 -3 -4 4 -6 6 7 -9 9 -11 11 12 -14 -15
leaf_value=0.00040667166850897311 0.0015427646756870671 0.0044824734400026505 0.0014585775624228906 0.00081919874515897178 -0.0010931674393770449 -0.00071743506854941776 0.00047594290810714789 -0.0010634879509509518 0.0026254757484421134 0.00026574067697968801 -0.00073453872406389561 0.0025818676659837363 -0.00031860832101309584 7.2139698847690039e-05
leaf_weight=82 24 11.999999999999998 28 89 17 202 90 41 9.9999999999999982 103 135 14.999999999999998 229 85
leaf_count=82 24 12 28 89 17 202 90 41 10 103 135 15 229 85
internal_value=-7.31478e-13 0.00252267 -8.06537e-05 -0.000119905 0.000512499 -0.000187481 -0.000437508 -5.8637e-06 -6.11396e-05 0.000474567 -0.000172009 -0.000274276 -8.54146e-05 0.000448599
internal_weight=1162 36 1126 1098 106 992 333 131 659 113 546 464 329 100
internal_count=1162 36 1126 1098 106 992 333 131 659 113 546 464 329 100
is_linear=0
shrinkage=0.03


Tree=116
num_leaves=15
num_cat=0
split_feature=0 67 91 32 44 50 87 44 7 7 7 78 44 73
split_gain=0.247927 0.0967174 0.05049 0.062666 0.0480268 0.0992201 0.0422991 0.0417835 0.0399516 0.0450901 0.0411714 0.0411291 0.0381641 0.0333446
threshold=1.7180000000000002 109.12000000000002 0.013841363131369071 2.1050000000000004 1.7650000000000003 1.8362499999999999 -0.10999999999999999 3.8250000000000006 7.1485983707997649 1.3007444905651646 0.15359418521277982 2.0166328969318252 3.0850000000000004 4.6193450339589317
decision_type=2 2 2 2 2 2 2 2 2 2 2 2 2 2
left_child=1 2 3 8 -4 -6 -7 -2 9 10 -1 -11 -3 -8
right_child=7 12 4 -5 5 6 13 -9 -10 11 -12 -13 -14 -15
leaf_value=-0.00069558438745194245 0.0019249482390781242 9.8622030811384279e-05 -0.0006237588635121938 -0.00087279162467470892 0.0028405348354807263 -1.4273133241108402e-05 0.0013400800479711357 0.0043435608409345145 0.0013401628593419446 -0.00071292035214244197 0.00083825147536810527 -9.6922781615611363e-05 0.0023684565159492197 0.00018404271176203767
leaf_weight=21 18.000000000000004 10.000000000000002 64 129 12.999999999999998 271 43 9.9999999999999982 15.999999999999998 147 63 290 20 47
leaf_count=21 18 10 64 129 13 271 43 10 16 147 63 290 20 47
internal_value=1.62497e-12 -6.88577e-05 -0.000114529 -0.000279057 0.000135643 0.000265595 0.000172868 0.00278874 -0.000136428 -0.000181774 0.000454793 -0.000304135 0.00161185 0.000736372
internal_weight=1162 1134 1104 666 438 374 361 28 537 521 84 437 30 90
internal_count=1162 1134 1104 666 438 374 361 28 537 521 84 437 30 90
is_linear=0
shrinkage=0.03


Tree=117
num_leaves=15
num_cat=0
split_feature=0 67 91 32 73 32 7 7 42 78 44 49 29 95
split_gain=0.233275 0.0910014 0.047506 0.0589678 0.0456064 0.0409373 0.037427 0.0420924 0.0399214 0.0386234 0.0359086 0.0347985 0.0460104 0.0391024
threshold=1.7180000000000002 109.12000000000002 0.013841363131369071 2.0550000000000002 8.1830807370799459 1.8150000000000002 7.1485983707997649 1.3007444905651646 2.2550000000000003 2.0166328969318252 3.0850000000000004 0.099888325607700598 1.5283866530737111 0.038446507246295093
decision_type=2 2 2 2 2 2 2 2 2 2 2 2 2 2
left_child=1 2 3 6 11 -2 7 8 -1 -9 -3 12 -4 -13
right_child=5 10 4 -5 -6 -7 -8 9 -10 -11 -12 13 -14 -15
leaf_value=6.3556024743731897e-05 0.0041311110251329147 9.5663368469104128e-05 0.0016751054478809236 -0.00083314935447397962 -0.00079624138702096979 0.0017823478820569374 0.0012999580170799162 -0.00068982018879056614 0.0015739268756338528 -9.0127086473143736e-05 0.0022974028042517603 -4.6532092908039756e-05 -0.0004711022188066534 0.00066443738560495978
leaf_weight=63 11.000000000000002 10.000000000000002 9.9999999999999982 134 43 17 15.999999999999998 146 21 286 20 112 89 184
leaf_count=63 11 10 10 134 43 17 16 146 21 286 20 112 89 184
internal_value=1.18423e-12 -6.6792e-05 -0.000111093 -0.000270685 0.000131574 0.00270508 -0.000129012 -0.000173321 0.000441149 -0.000292801 0.00156349 0.000232577 -0.000254314 0.000395422
internal_weight=1162 1134 1104 666 438 28 532 516 84 432 30 395 99 296
internal_count=1162 1134 1104 666 438 28 532 516 84 432 30 395 99 296
is_linear=0
shrinkage=0.03


Tree=118
num_leaves=15
num_cat=0
split_feature=85 35 86 18 49 40 30 12 2 27 59 71 77 34
split_gain=0.219654 0.0706621 0.0631998 0.0589697 0.0341422 0.0664371 0.049905 0.0388493 0.0335022 0.0304289 0.0321315 0.0271401 0.0269294 0.0255735
threshold=1.018 1.7562500000000003 -0.13149999999999998 0.5289257548573435 0.12808685493726124 0.055969411509745139 0.18500000000000003 3.2850000000000006 20.030000000000005 4.8593976327017598 3.5437500000000006 4.9096160529531945 0.15359418521277982 2.7050000000000005
decision_type=2 2 2 2 2 2 2 2 2 2 2 2 2 2
left_child=2 -2 4 8 12 6 -6 9 -4 10 -7 -10 -1 -14
right_child=1 -3 3 -5 5 7 -8 -9 11 -11 -12 -13 13 -15
leaf_value=0.00086176323471590869 0.0043104986169121484 0.0014251434674486516 0.0021711102221161128 -0.0010472203541875764 0.0031437512041884472 0.0011697390819123635 0.00058777532624927436 -0.00126279943135821 0.0010818042702041566 0.00093356961628042847 -0.00014026659196712319 -7.4205286634553758e-06 -0.00035279964525030061 0.00066651362318383611
leaf_weight=18 10.999999999999998 25 14.999999999999998 17 9.9999999999999982 18 22 22 50 31 264 35 601 23
leaf_count=18 11 25 15 17 10 18 22 22 50 31 264 35 601 23
internal_value=1.36124e-12 0.00230678 -7.37514e-05 0.000586277 -0.000150286 8.05247e-05 0.00138652 -4.42269e-05 0.000863971 4.14236e-05 -5.66492e-05 0.0006333 -0.000282229 -0.000315229
internal_weight=1162 36 1126 117 1009 367 32 335 100 313 282 85 642 624
internal_count=1162 36 1126 117 1009 367 32 335 100 313 282 85 642 624
is_linear=0
shrinkage=0.03


Tree=119
num_leaves=15
num_cat=0
split_feature=88 83 45 49 40 95 12 29 83 1 73 18 29 34
split_gain=0.207893 0.0993957 0.0541571 0.0325417 0.0570456 0.0497058 0.0335188 0.0305883 0.0293374 0.0348361 0.033455 0.0330289 0.0320516 0.0358157
threshold=0.18750000000000003 4.8795999624381636 3.5250000000000004 0.12894488220065364 0.055969411509745139 0.026300563666592235 3.2850000000000006 3.2426744914217269 1.0648862383372431 3.2250000000000005 5.1428873732466478 0.064801523932940974 0.88782449134390695 2.6550000000000007
decision_type=2 2 2 2 2 2 2 2 2 2 2 2 2 2
left_child=3 2 -2 8 5 -5 -6 -4 10 11 -1 -10 -13 -14
right_child=1 -3 7 4 6 -7 -8 -9 9 -11 -12 12 13 -15
leaf_value=0.00062371255160065091 0.00014560045339394271 0.0039765704893083738 0.00084757960271090267 0.00037045366167531981 5.5766116192024034e-05 0.0028367106895893809 -0.001178928551131061 0.0023038732094897165 -0.00051344043591858019 -0.0014010254463825661 -0.00084813891327939928 0.0011386674872329947 -0.00023600262257010709 0.0010841255765408277
leaf_weight=61 41 10.999999999999998 25 19.000000000000004 343 11.999999999999998 21 27 273 26 18 19 246 20
leaf_count=61 41 11 25 19 343 12 21 27 273 26 18 19 246 20
internal_value=4.77133e-14 0.00127987 0.0009609 -0.000125809 8.97454e-05 0.00132513 -1.54663e-05 0.00160373 -0.000254231 -0.000327629 0.000288354 -0.000277614 -5.17174e-05 -0.000136745
internal_weight=1162 104 93 1058 395 31 364 52 663 584 79 558 285 266
internal_count=1162 104 93 1058 395 31 364 52 663 584 79 558 285 266
is_linear=0
shrinkage=0.03


Tree=120
num_leaves=15
num_cat=0
split_feature=0 67 57 39 61 67 83 78 84 93 73 21 44 48
split_gain=0.198539 0.0790783 0.0411853 0.0675674 0.145569 0.052496 0.0497151 0.0711681 0.0443877 0.0384873 0.0420123 0.0381721 0.0361754 0.0323806
threshold=1.7180000000000002 109.12000000000002 5.387500000000002 0.22125000000000003 3.6291666666666673 75.40000000000002 2.2263062517940178 3.0688886528391084 0.15886793007681133 0.02031602988334618 6.8753728207289813 25.015000000000004 3.8250000000000006 3.7237500000000003
decision_type=2 2 2 2 2 2 2 2 2 2 2 2 2 2
left_child=1 2 3 6 -5 -6 -1 8 -8 -4 -11 -7 -2 -9
right_child=12 -3 9 4 5 11 7 13 -10 10 -12 -13 -14 -15
leaf_value=-0.0010456573308758497 0.0016918271159132316 0.0014581140327791218 -0.00055748289309723461 0.0039246173165738574 8.2866537983880496e-05 0.0018753552971507556 0.0027831600978970518 0.00040930586631140228 0.00041057430698128878 9.337475776120535e-05 -0.00091071898784403772 0.00013319885894337572 0.0039422826021909716 -0.00061804429819867343
leaf_weight=61 18.000000000000004 30 254 9.9999999999999982 264 28 11.000000000000002 38 20 254 44 19 9.9999999999999982 101
leaf_count=61 18 30 254 10 264 28 11 38 20 254 44 19 10 101
internal_value=-1.79028e-12 -6.16188e-05 -0.000102916 8.03188e-05 0.000361881 0.000247323 -0.000310942 -4.73094e-05 0.00125246 -0.000286151 -5.48807e-05 0.00117108 0.00249556 -0.000337186
internal_weight=1162 1134 1104 552 321 311 231 170 31 552 298 47 28 139
internal_count=1162 1134 1104 552 321 311 231 170 31 552 298 47 28 139
is_linear=0
shrinkage=0.03


Tree=121
num_leaves=15
num_cat=0
split_feature=0 67 91 37 73 62 87 32 62 4 18 44 45 49
split_gain=0.186805 0.0744048 0.0391894 0.054076 0.0412573 0.0520171 0.0532905 0.0350538 0.0339526 0.03425 0.0370755 0.0313832 0.0302342 0.0326388
threshold=1.7180000000000002 109.12000000000002 0.013625955624005029 2.1850000000000005 4.6193450339589317 0.033896230333969268 -0.10999999999999999 1.8150000000000002 0.045226701686921729 4.9350000000000014 0.056588627190258527 3.0850000000000004 3.3450000000000002 0.19983920830375071
decision_type=2 2 2 2 2 2 2 2 2 2 2 2 2 2
left_child=1 2 3 8 5 -4 -7 -2 -1 10 -10 -3 13 -6
right_child=7 11 4 -5 12 6 -8 -9 9 -11 -12 -13 -14 -15
leaf_value=-0.0008689049831125885 0.0037402813610705448 4.21486457926221e-05 0.0022035356883246164 -0.00084691348777466498 -0.0007798782577890011 6.2767364851304514e-05 0.0012210482729837124 0.0015668439843198833 -0.00041220788404254044 0.0013166571134934201 0.0001230575765297709 0.0021004816156346348 0.00035849362363564376 0.00035962075705174356
leaf_weight=50 11.000000000000002 10.000000000000002 12.999999999999998 112 92 212 43 17 196 15.999999999999998 287 20 53 30
leaf_count=50 11 10 13 112 92 212 43 17 196 16 287 20 53 30
internal_value=6.70991e-13 -5.97702e-05 -9.98284e-05 -0.000246155 0.000118505 0.000352454 0.000258085 0.00242069 -0.000123596 -4.89152e-05 -9.41516e-05 0.00141437 -0.000239772 -0.000499674
internal_weight=1162 1134 1104 661 443 268 255 28 549 499 483 30 175 122
internal_count=1162 1134 1104 661 443 268 255 28 549 499 483 30 175 122
is_linear=0
shrinkage=0.03


Tree=122
num_leaves=15
num_cat=0
split_feature=85 65 7 67 51 81 76 34 34 30 61 48 80 65
split_gain=0.176383 0.061826 0.0514468 0.0629121 0.0501437 0.038761 0.0798748 0.134669 0.0658995 0.0438078 0.0434502 0.0655975 0.0381782 0.0339557
threshold=1.018 68.035000000000011 3.4346751958460158 74.155000000000015 0.20178526789749851 2.7963379685777281 2.565150377793413 0.28500000000000009 -1.0000000180025095e-35 0.23500000000000001 6.2041666666666675 3.0087500000000005 0.21822489938631751 56.855000000000004
decision_type=2 2 2 2 2 2 2 2 2 2 2 2 2 2
left_child=2 -2 5 -4 -5 6 9 8 -8 -1 13 -12 -6 -11
right_child=1 -3 3 4 12 -7 7 -9 -10 10 11 -13 -14 -15
leaf_value=-0.00088406956713759873 0.0012424424193799495 0.0039413736320354723 -0.00024474457949800809 0.0012417485847632255 0.000515858756591355 -0.00066863859697350117 0.0012187901977449651 -9.9522073973535685e-05 0.0044334816594015468 -5.9186833735860568e-05 -0.00070133514281022489 0.00038252046190040265 -0.0011562149451492586 0.00062170943437979138
leaf_weight=73 25 10.999999999999998 106 77 53 123 12.000000000000002 42 10.999999999999998 272 185 69 15.999999999999998 87
leaf_count=73 25 11 106 77 53 123 12 42 11 272 185 69 16 87
internal_value=1.00743e-12 0.00206712 -6.6089e-05 0.000311559 0.00071545 -0.000174976 -9.41231e-05 0.000910982 0.00275625 -0.000189359 -0.000106628 -0.000406902 0.000128132 0.000105821
internal_weight=1162 36 1126 252 146 874 751 65 23 686 613 254 69 359
internal_count=1162 36 1126 252 146 874 751 65 23 686 613 254 69 359
is_linear=0
shrinkage=0.03


Tree=123
num_leaves=15
num_cat=0
split_feature=0 67 57 39 61 88 44 95 35 39 91 44 92 44
split_gain=0.166416 0.066689 0.0363879 0.06108 0.128877 0.0457252 0.0441983 0.0338751 0.0436703 0.0497989 0.0434743 0.0326943 0.0303441 0.0286097
threshold=1.7180000000000002 109.12000000000002 5.387500000000002 0.22125000000000003 3.6291666666666673 -0.47449999999999992 1.9950000000000003 0.033832406142950223 1.7337500000000003 1.9079166666666667 0.014361406616395027 3.8250000000000006 -0.38156249999999997 3.0850000000000004
decision_type=2 2 2 2 2 2 2 2 2 2 2 2 2 2
left_child=1 2 3 6 -5 -6 -1 -4 12 -10 -11 -2 -9 -3
right_child=11 13 7 4 5 -7 -8 8 9 10 -12 -13 -14 -15
leaf_value=-0.0018152780807577072 0.001520688834910591 2.9017131077125655e-05 -0.0005024373247020941 0.0036978467311710116 -4.8570749854093265e-05 0.00069986626083993325 -0.00018090688849820992 -9.3845707964172333e-05 0.0015579267420848322 -0.00064437329543579828 0.00037346443331843739 0.0036601296924054622 -0.001247877495086475 0.001994293495255988
leaf_weight=15.999999999999998 18.000000000000004 10.000000000000002 275 9.9999999999999982 192 119 215 46 22 56 116 9.9999999999999982 37 20
leaf_count=16 18 10 275 10 192 119 215 46 22 56 116 10 37 20
internal_value=-7.76638e-13 -5.64142e-05 -9.43385e-05 7.78941e-05 0.000345598 0.000237809 -0.00029411 -0.000266571 -3.2408e-05 0.000213976 4.20754e-05 0.00228477 -0.000608294 0.0013392
internal_weight=1162 1134 1104 552 321 311 231 552 277 194 172 28 83 30
internal_count=1162 1134 1104 552 321 311 231 552 277 194 172 28 83 30
is_linear=0
shrinkage=0.03


Tree=124
num_leaves=15
num_cat=0
split_feature=0 67 57 39 61 67 83 78 84 26 93 73 32 77
split_gain=0.156581 0.0627477 0.0342374 0.0574702 0.12126 0.0445603 0.0429708 0.0625006 0.0380183 0.0359727 0.0322889 0.0357383 0.0318143 0.0315116
threshold=1.7180000000000002 109.12000000000002 5.387500000000002 0.22125000000000003 3.6291666666666673 75.40000000000002 2.2263062517940178 3.0688886528391084 0.15886793007681133 22.447500000000005 0.02031602988334618 6.8753728207289813 1.8150000000000002 0.15359418521277982
decision_type=2 2 2 2 2 2 2 2 2 2 2 2 2 2
left_child=1 2 3 6 -5 13 -1 8 -8 -7 -4 -12 -2 -6
right_child=12 -3 10 4 5 9 7 -9 -10 -11 11 -13 -14 -15
leaf_value=-0.00096835134148246568 0.0034733663499355301 0.0012990253107855096 -0.00050709861170731511 0.0035869114045053718 0.0014641904325357505 0.0023559910192021303 0.0025944901020689432 -0.00031183877981622976 0.00039871914011018817 0.00054116262726893176 8.999386301477747e-05 -0.00083609663521532298 0.0014027915051316514 1.5953552350401876e-06
leaf_weight=61 11.000000000000002 30 254 9.9999999999999982 13.999999999999998 13.999999999999998 11.000000000000002 139 20 33 254 44 17 250
leaf_count=61 11 30 254 10 14 14 11 139 20 33 254 44 17 250
internal_value=-1.53114e-12 -5.47218e-05 -9.15084e-05 7.55573e-05 0.00033523 0.000230674 -0.000285287 -4.01872e-05 0.00117786 0.00108175 -0.000258574 -4.67443e-05 0.00221623 7.91572e-05
internal_weight=1162 1134 1104 552 321 311 231 170 31 47 552 298 28 264
internal_count=1162 1134 1104 552 321 311 231 170 31 47 552 298 28 264
is_linear=0
shrinkage=0.03


Tree=125
num_leaves=15
num_cat=0
split_feature=67 2 7 6 28 83 26 88 26 15 73 7 46 70
split_gain=0.149427 0.0706247 0.0351041 0.0447047 0.0480885 0.0628751 0.102536 0.0711739 0.0349236 0.0299453 0.0402966 0.0392299 0.0327405 0.0460096
threshold=116.28000000000002 38.750000000000007 2.1936679914508099 75.135000000000005 13.873750000000003 2.7139664245954802 12.926875000000001 -0.5744999999999999 25.971875000000004 2.6950000000000007 5.7098968121874183 1.0819156556981404 2.6125000000000003 55.883125000000007
decision_type=2 2 2 2 2 2 2 2 2 2 2 2 2 2
left_child=1 2 9 4 5 6 -4 -8 -5 12 11 -11 13 -1
right_child=-2 -3 3 8 -6 -7 7 -9 -10 10 -12 -13 -14 -15
leaf_value=-0.00058314920130706502 0.0027121197564216951 0.0012289908627587322 6.7143235716615041e-05 0.00061341578762255265 -0.00049039793042692219 -0.00027136809354723319 0.0010708731226623054 0.0044977810308337212 -0.00031662227689673234 0.00070858006886276726 -0.00086725676129030625 -0.0001306599611589263 -0.0008455873011306551 0.00039899296844877037
leaf_weight=111 18 38 39 173 166 85 12.000000000000002 9.9999999999999982 46 73 43 160 118 70
leaf_count=111 18 38 39 173 166 85 12 10 46 73 43 160 118 70
internal_value=-7.59843e-14 -4.26732e-05 -8.63651e-05 8.95119e-05 -0.000141107 0.000256031 0.000990932 0.00262856 0.000418065 -0.000248784 -2.34467e-05 0.000132278 -0.000456787 -0.000203315
internal_weight=1162 1144 1106 531 312 146 61 22 219 575 276 233 299 181
internal_count=1162 1144 1106 531 312 146 61 22 219 575 276 233 299 181
is_linear=0
shrinkage=0.03


Tree=126
num_leaves=15
num_cat=0
split_feature=88 50 29 38 68 49 40 21 12 29 7 73 5 46
split_gain=0.141843 0.0772822 0.0469112 0.0361245 0.0278191 0.0312223 0.0463497 0.0492487 0.0300221 0.0307467 0.027523 0.038169 0.0329278 0.0358985
threshold=0.18750000000000003 3.8262500000000004 3.3126660439623143 0.1200293894153328 23.913750000000004 0.12808685493726124 0.053250340602354097 14.575000000000001 3.2850000000000006 4.6618160059649254 1.3986756846945394 1.9478099915938294 6.3500000000000005 2.2562500000000001
decision_type=2 2 2 2 2 2 2 2 2 2 2 2 2 2
left_child=4 3 -3 -2 -1 10 7 -7 9 -8 12 -12 13 -6
right_child=1 2 -4 -5 5 6 8 -9 -10 -11 11 -13 -14 -15
leaf_value=-0.0012414976230847013 -0.00021048202309016648 0.0015068039763718841 0.0040033000968396661 0.0011304180126171558 0.00022111991894364889 0.0030208450045902274 -2.0049506113051168e-05 0.00017022483283653855 -0.0011827968741400742 0.00072049559106416694 -0.0010526428051941495 -0.00022222145329889339 -0.00032594189510828898 0.0017612057117124397
leaf_weight=19 33 21.000000000000004 9.9999999999999982 40 56 10.000000000000002 292 11.999999999999998 17 61 56 451 66 18
leaf_count=19 33 21 10 40 56 10 292 12 17 61 56 451 66 18
internal_value=4.23079e-13 0.00105718 0.00231213 0.000524258 -0.000103919 -8.31167e-05 0.000128162 0.00146596 4.86168e-05 0.00010792 -0.000211125 -0.000313945 0.00016123 0.000595735
internal_weight=1162 104 31 73 1058 1039 392 22 370 353 647 507 140 74
internal_count=1162 104 31 73 1058 1039 392 22 370 353 647 507 140 74
is_linear=0
shrinkage=0.03


Tree=127
num_leaves=15
num_cat=0
split_feature=85 35 7 67 51 82 81 76 34 3 30 61 48 6
split_gain=0.135382 0.0543706 0.0412799 0.0508067 0.0428818 0.0343932 0.0343274 0.0657402 0.111429 0.0478148 0.037508 0.0369364 0.0563796 0.0292038
threshold=1.018 1.7562500000000003 3.4346751958460158 74.155000000000015 0.20178526789749851 0.27009714357899522 2.7963379685777281 2.565150377793413 0.32500000000000007 0.16500000000000004 0.23500000000000001 6.2125000000000004 3.0087500000000005 38.405000000000008
decision_type=2 2 2 2 2 2 2 2 2 2 2 2 2 2
left_child=2 -2 6 -4 -5 -6 7 10 9 -9 -1 -12 -13 -8
right_child=1 -3 3 4 5 -7 13 8 -10 -11 11 12 -14 -15
leaf_value=-0.00080856835258102412 0.0035686138272285461 0.0010376374382525682 -0.00021954516454090206 0.0011300389314759763 0.00065371485904040859 -0.00071027550329225565 -0.0020950394767251883 0.0013242876436561342 -0.00011783791771272151 0.004040377099066972 0.00010406062334308338 -0.00064796717496789331 0.0003598652045627165 -0.00047513981776059418
leaf_weight=73 10.999999999999998 25 106 77 41 28 10.999999999999998 14.000000000000002 41 9.9999999999999982 363 181 69 112
leaf_count=73 11 25 106 77 41 28 11 14 41 10 363 181 69 112
internal_value=-8.73491e-15 0.00181099 -5.79003e-05 0.00028038 0.00064334 0.000100212 -0.000155436 -7.93481e-05 0.000832499 0.00245599 -0.000165748 -8.91963e-05 -0.000369805 -0.000620009
internal_weight=1162 36 1126 252 146 69 874 751 65 24 686 613 250 123
internal_count=1162 36 1126 252 146 69 874 751 65 24 686 613 250 123
is_linear=0
shrinkage=0.03


Tree=128
num_leaves=15
num_cat=0
split_feature=67 2 7 95 67 26 91 47 51 15 73 77 46 70
split_gain=0.128164 0.0600238 0.0306279 0.0399631 0.0361669 0.0387731 0.0439878 0.037202 0.0394026 0.0270014 0.0372216 0.0342307 0.0299742 0.0427484
threshold=116.28000000000002 38.750000000000007 2.1936679914508099 0.049342791080124293 96.765000000000015 21.992500000000003 0.024365267196490476 0.13612181196698261 0.17832089581469268 2.6950000000000007 5.7098968121874183 1.0973257893957424 2.6125000000000003 55.883125000000007
decision_type=2 2 2 2 2 2 2 2 2 2 2 2 2 2
left_child=1 2 9 4 5 6 7 -4 -9 12 11 -11 13 -1
right_child=-2 -3 3 -5 -6 -7 -8 8 -10 10 -12 -13 -14 -15
leaf_value=-0.00055262309691799503 0.0025117619552959994 0.0011328254600888803 -0.00018485847307451406 0.00057947674015050999 0.0011039229609456885 -0.00089167231776039388 0.0019554376958403736 0.0019418101682094856 4.9634089194184454e-05 0.00062095835828980604 -0.00082851286357550245 -0.00013835716002795378 -0.00080103827428733201 0.000394072101619843
leaf_weight=111 18 38 290 115 23 51 9.9999999999999982 15.999999999999998 26 83 43 150 118 70
leaf_count=111 18 38 290 115 23 51 10 16 26 83 43 150 118 70
internal_value=5.06718e-14 -3.95207e-05 -7.98003e-05 8.44814e-05 -5.23562e-05 -0.000120027 -4.95652e-06 -6.40045e-05 0.000770463 -0.000231511 -1.75365e-05 0.000132129 -0.000429026 -0.000186498
internal_weight=1162 1144 1106 531 416 393 342 332 42 575 276 233 299 181
internal_count=1162 1144 1106 531 416 393 342 332 42 575 276 233 299 181
is_linear=0
shrinkage=0.03


Tree=129
num_leaves=15
num_cat=0
split_feature=0 67 60 57 39 61 44 88 95 35 39 91 92 85
split_gain=0.122846 0.0469175 0.0279811 0.0274518 0.0500177 0.101124 0.0377944 0.0365785 0.0271674 0.0358076 0.0452236 0.0362219 0.0273322 0.0270575
threshold=1.7180000000000002 109.12000000000002 0.21526072145280337 5.387500000000002 0.22125000000000003 3.6291666666666673 1.9950000000000003 -0.48449999999999993 0.033832406142950223 1.7337500000000003 1.9079166666666667 0.014361406616395027 -0.38156249999999997 -0.50149999999999995
decision_type=2 2 2 2 2 2 2 2 2 2 2 2 2 2
left_child=1 3 -2 4 6 -6 -1 13 -5 12 -11 -12 -10 -7
right_child=2 -3 -4 8 5 7 -8 -9 9 10 11 -13 -14 -15
leaf_value=-0.0016739754821173847 0.0032353912442922581 0.0011221235422417522 0.0012561622851838669 -0.00044110316474874376 0.003281026231124997 0.00012656983435003745 -0.00016263671195397472 0.0006237854934124323 -5.3397168645935139e-05 0.0014836545075840233 -0.00058746550714983766 0.00034160336386086218 -0.001148659148083597 -0.00079694181854326215
leaf_weight=15.999999999999998 10.000000000000002 30 18 275 9.9999999999999982 155 215 121 46 22 56 116 37 35
leaf_count=16 10 30 18 275 10 155 215 121 46 22 56 116 37 35
internal_value=-7.05245e-13 -4.84699e-05 0.00196303 -8.02795e-05 6.93173e-05 0.000311569 -0.000267318 0.000216088 -0.000229876 -2.01745e-05 0.000202929 3.91158e-05 -0.000541646 -4.35507e-05
internal_weight=1162 1134 28 1104 552 321 231 311 552 277 194 172 83 190
internal_count=1162 1134 28 1104 552 321 231 311 552 277 194 172 83 190
is_linear=0
shrinkage=0.03


Tree=130
num_leaves=15
num_cat=0
split_feature=0 67 35 91 32 73 62 87 62 41 34 39 44 76
split_gain=0.115586 0.0441447 0.0273361 0.0259036 0.0415607 0.0328771 0.0391112 0.0423382 0.0272202 0.0258676 0.0285759 0.0398537 0.023134 0.0226074
threshold=1.7180000000000002 109.12000000000002 1.8587500000000001 0.013375973484825705 2.2450000000000006 4.704554218023123 0.033896230333969268 -0.091999999999999985 0.045226701686921729 4.9350000000000014 0.99500000000000011 1.1325000000000001 3.0850000000000004 2.8122424022688945
decision_type=2 2 2 2 2 2 2 2 2 2 2 2 2 2
left_child=1 3 -2 4 8 6 -5 13 -1 10 -10 -12 -3 -8
right_child=2 12 -4 5 -6 -7 7 -9 9 -11 11 -13 -14 -15
leaf_value=-0.00076776851215108765 0.0031617517434060563 -8.9690783992409665e-05 0.0012054650485515594 0.001900096834422304 -0.00077898417306163244 -0.00023654609622099086 0.00022790567689988731 0.001104142751016586 -0.00029092461999616825 0.001153006647073198 0.0009483463577728004 -2.9404934636380444e-05 0.0016775351730175315 -0.00046049397317562437
leaf_weight=50 10.000000000000002 10.000000000000002 18 12.999999999999998 95 168 174 41 257 15.999999999999998 47 186 20 57
leaf_count=50 10 10 18 13 95 168 174 41 257 16 47 186 20 57
internal_value=5.60008e-13 -4.70158e-05 0.00190414 -7.78711e-05 -0.000199091 9.63329e-05 0.000292556 0.000215725 -0.000100009 -3.40248e-05 -7.2785e-05 0.000167824 0.00108846 5.80408e-05
internal_weight=1162 1134 28 1104 651 453 285 272 556 506 490 233 30 231
internal_count=1162 1134 28 1104 651 453 285 272 556 506 490 233 30 231
is_linear=0
shrinkage=0.03


Tree=131
num_leaves=15
num_cat=0
split_feature=67 2 7 95 67 26 91 47 40 15 73 64 70 46
split_gain=0.110467 0.0497748 0.0283622 0.0357812 0.0321544 0.0357427 0.03957 0.0342795 0.0361686 0.0234172 0.0324191 0.0310014 0.0438991 0.0268989
threshold=116.28000000000002 38.750000000000007 2.1936679914508099 0.049342791080124293 96.765000000000015 21.992500000000003 0.024365267196490476 0.13612181196698261 0.060163905647050112 2.6950000000000007 5.7098968121874183 73.350000000000009 24.128750000000004 2.6125000000000003
decision_type=2 2 2 2 2 2 2 2 2 2 2 2 2 2
left_child=1 2 9 4 5 6 7 -4 -9 13 11 12 -11 -1
right_child=-2 -3 3 -5 -6 -7 -8 8 -10 10 -12 -13 -14 -15
leaf_value=-0.00017355142029509051 0.0023319066424543657 0.0010308853551549346 -0.00017010126744521428 0.00055309850300925417 0.0010454901262520527 -0.00084944641604499122 0.0018612599655753001 0.0023217730857431887 0.00025479146648649476 -0.0010772669588914141 -0.00077694613952189679 -0.00030499529974833657 0.00059244711933417651 -0.00075571359842743443
leaf_weight=181 18 38 290 115 23 51 9.9999999999999982 9.9999999999999982 32 15.999999999999998 43 93 124 118
leaf_count=181 18 38 290 115 23 51 10 10 32 16 43 93 124 118
internal_value=-5.46847e-13 -3.66908e-05 -7.33707e-05 8.47177e-05 -4.47625e-05 -0.000108569 1.91313e-06 -5.40913e-05 0.00074693 -0.000219362 -2.00945e-05 0.000119582 0.000401623 -0.000403301
internal_weight=1162 1144 1106 531 416 393 342 332 42 575 276 233 140 299
internal_count=1162 1144 1106 531 416 393 342 332 42 575 276 233 140 299
is_linear=0
shrinkage=0.03


Tree=132
num_leaves=15
num_cat=0
split_feature=91 88 44 68 50 3 48 78 78 49 45 16 61 56
split_gain=0.10496 0.0539261 0.0572807 0.0241221 0.0256822 0.0468642 0.031677 0.0488984 0.0557501 0.0538059 0.035075 0.0350187 0.0284413 0.0399224
threshold=0.1908460776954706 0.18750000000000003 4.0050000000000008 23.913750000000004 4.652916666666667 0.025000000000000005 3.8431250000000001 2.0166328969318252 2.1085942840980314 0.099888325607700598 2.3550000000000004 0.0930245723455458 3.5958333333333337 6.3500000000000005
decision_type=2 2 2 2 2 2 2 2 2 2 2 2 2 2
left_child=1 3 -3 -1 6 -6 7 12 10 -10 -9 -11 -5 -14
right_child=-2 2 -4 4 5 -7 -8 8 9 11 -12 -13 13 -15
leaf_value=-0.0011496938328797879 0.0027911820774897929 0.0003240227807635585 0.0022945489949779585 -0.0016801811335608362 -0.00035973660045916713 0.00099101681701557818 -0.00042166637418030454 0.0030277139805257309 -0.00034619391402298725 0.00083025979402009389 0.00062201898486819113 -2.8747205997206036e-05 0.00011105088487889397 -0.00050313323733905152
leaf_weight=19 11.999999999999998 78 15.999999999999998 11.999999999999998 41 53 233 10.000000000000002 118 105 11.999999999999998 72 190 191
leaf_count=19 12 78 16 12 41 53 233 10 118 105 12 72 190 191
internal_value=-6.44317e-14 -2.91254e-05 0.000659431 -9.04174e-05 -7.10092e-05 0.000401858 -0.000118146 -1.85394e-05 0.000258669 0.000150022 0.00171552 0.000480833 -0.00024214 -0.000196847
internal_weight=1162 1150 94 1056 1037 94 943 710 317 295 22 177 393 381
internal_count=1162 1150 94 1056 1037 94 943 710 317 295 22 177 393 381
is_linear=0
shrinkage=0.03


Tree=133
num_leaves=15
num_cat=0
split_feature=0 67 60 57 39 61 83 78 67 26 84 77 17 95
split_gain=0.10027 0.0365774 0.0248512 0.0234605 0.0433589 0.0885734 0.033836 0.0513789 0.0325189 0.0320553 0.0292831 0.0253521 0.0249162 0.0235239
threshold=1.7180000000000002 109.12000000000002 0.21526072145280337 5.387500000000002 0.22125000000000003 3.6291666666666673 2.2263062517940178 3.0688886528391084 75.40000000000002 22.447500000000005 0.15886793007681133 0.15359418521277982 2.2079166666666672 0.033832406142950223
decision_type=2 2 2 2 2 2 2 2 2 2 2 2 2 2
left_child=1 3 -2 4 6 -6 12 10 11 -10 -8 -7 -1 -5
right_child=2 -3 -4 13 5 8 7 -9 9 -11 -12 -13 -14 -15
leaf_value=-0.0017212457810528575 0.0029725860524922594 0.00098979164147749532 0.0011073347964944938 -0.00040672433714498767 0.0030710463467985391 0.0013154897067163673 0.0023181317289444523 -0.00027581570713455024 0.0021325171432857002 0.00041935129694386635 0.00039105457876576112 3.6034110389300618e-06 -0.00042967015012769348 -1.5036868881719986e-05
leaf_weight=20 10.000000000000002 30 18 275 9.9999999999999982 13.999999999999998 11.000000000000002 139 13.999999999999998 33 20 250 41 277
leaf_count=20 10 30 18 275 10 14 11 139 14 33 20 250 41 277
internal_value=1.00141e-12 -4.379e-05 0.0017735 -7.18765e-05 6.64181e-05 0.000291969 -0.00024701 -2.95167e-05 0.000202609 0.000929656 0.00107486 7.31731e-05 -0.000853138 -0.000210171
internal_weight=1162 1134 28 1104 552 321 231 170 311 47 31 264 61 552
internal_count=1162 1134 28 1104 552 321 231 170 311 47 31 264 61 552
is_linear=0
shrinkage=0.03


Tree=134
num_leaves=15
num_cat=0
split_feature=67 2 7 49 66 83 34 39 94 51 81 39 12 15
split_gain=0.0953529 0.0420417 0.0252464 0.032206 0.04325 0.0504255 0.0527652 0.0363001 0.0341298 0.042186 0.0256112 0.025298 0.0233731 0.0207396
threshold=116.28000000000002 38.750000000000007 2.1936679914508099 0.099888325607700598 59.695000000000007 2.9086759392618475 0.50500000000000012 0.79291666666666683 -0.5608749999999999 0.078908270488658269 2.4821074019913589 1.1325000000000001 2.9150000000000005 2.6950000000000007
decision_type=2 2 2 2 2 2 2 2 2 2 2 2 2 2
left_child=1 2 13 8 -5 6 10 -7 9 -4 -6 -9 -8 -1
right_child=-2 -3 3 4 5 7 12 11 -10 -11 -12 -13 -14 -15
leaf_value=-0.00037864158123355622 0.0021665158277998369 0.00094705895949645253 0.0011186803859690655 -0.00030644492614859093 0.0011572362240403885 -5.5475099471200685e-05 -9.0668343340935699e-05 0.0020612894697114824 -0.00064610369120086746 -0.00023924924253689413 0.0031450591928192549 0.00053034581737044974 0.0016585471015423535 -1.800888581066789e-05
leaf_weight=299 18 38 29 90 10.000000000000002 130 22 11.999999999999998 92 71 13.999999999999998 51 9.9999999999999982 276
leaf_count=299 18 38 29 90 10 130 22 12 92 71 14 51 10 276
internal_value=-1.79795e-12 -3.40885e-05 -6.77988e-05 8.13536e-05 0.000257184 0.000460905 0.00125346 0.00023094 -0.000229096 0.00015455 0.0023168 0.000821954 0.000455961 -0.000205538
internal_weight=1162 1144 1106 531 339 249 56 193 192 100 24 63 32 575
internal_count=1162 1144 1106 531 339 249 56 193 192 100 24 63 32 575
is_linear=0
shrinkage=0.03


Tree=135
num_leaves=15
num_cat=0
split_feature=91 88 44 68 50 3 48 78 78 49 16 45 34 56
split_gain=0.0911224 0.0447895 0.0512902 0.0227915 0.0226726 0.0386766 0.0294304 0.0433426 0.0509926 0.0482981 0.0320463 0.0304087 0.0273281 0.0264417
threshold=0.1908460776954706 0.18750000000000003 4.0050000000000008 23.913750000000004 4.6433333333333344 0.025000000000000005 3.8431250000000001 2.0166328969318252 2.1085942840980314 0.099888325607700598 0.0930245723455458 2.3550000000000004 1.925 6.3500000000000005
decision_type=2 2 2 2 2 2 2 2 2 2 2 2 2 2
left_child=1 3 -3 -1 6 -6 7 13 11 -10 -11 -9 -7 -5
right_child=-2 2 -4 4 5 12 -8 8 9 10 -12 -13 -14 -15
leaf_value=-0.0011126431643864825 0.0026006935676559807 0.00028299795658453007 0.0021476376405917107 1.4703049809132509e-05 -0.00031809789519424413 0.001213874596171081 -0.00040518044521019862 0.0028620211500674478 -0.00032711936230845235 0.00079070385126500946 -3.1038392201783911e-05 0.00062205610796809189 -0.00045420789837159888 -0.00047764260990786522
leaf_weight=19 11.999999999999998 78 15.999999999999998 202 42 45 229 10.000000000000002 118 105 72 11.999999999999998 10.999999999999998 191
leaf_count=19 12 78 16 202 42 45 229 10 118 105 72 12 11 191
internal_value=-2.55473e-13 -2.71377e-05 0.000600383 -8.29966e-05 -6.41313e-05 0.000370081 -0.000109448 -1.40645e-05 0.000246921 0.000143014 0.000456436 0.00164022 0.000886216 -0.000224579
internal_weight=1162 1150 94 1056 1037 98 939 710 317 295 177 22 56 393
internal_count=1162 1150 94 1056 1037 98 939 710 317 295 177 22 56 393
is_linear=0
shrinkage=0.03


Tree=136
num_leaves=15
num_cat=0
split_feature=0 67 35 68 49 40 21 29 26 16 41 39 33 1
split_gain=0.0870556 0.0308312 0.0241017 0.0208047 0.0238654 0.0341033 0.035706 0.0232739 0.0266891 0.0209854 0.0418077 0.021453 0.0391374 0.0263995
threshold=1.7180000000000002 109.12000000000002 1.8587500000000001 23.913750000000004 0.12808685493726124 0.053250340602354097 14.575000000000001 4.6618160059649254 26.748125000000002 0.032513733361886683 4.6350000000000007 0.21833333333333335 0.23500000000000001 1.6850000000000003
decision_type=2 2 2 2 2 2 2 2 2 2 2 2 2 2
left_child=1 3 -2 -1 9 6 -6 8 -7 -5 11 -11 -13 -14
right_child=2 -3 -4 4 5 7 -8 -9 -10 10 -12 12 13 -15
leaf_value=-0.0010253657105677122 0.0028333803210407486 0.00090812689997255805 0.00099647020145008963 -0.00050104269875767915 0.002601847515441476 5.5048566694673242e-05 0.00017460751114413141 0.00056112926485678012 -0.00080036778877665463 -0.00069910181488905276 0.0010511335533478165 0.0017843833530787378 0.0013375698842785573 -0.00015083157877788644
leaf_weight=20 10.000000000000002 30 18 131 10.000000000000002 291 11.999999999999998 70 37 55 28 9.9999999999999982 10.999999999999998 429
leaf_count=20 10 30 18 131 10 291 12 70 37 55 28 10 11 429
internal_value=-6.23419e-13 -4.08027e-05 0.00165251 -6.65888e-05 -4.88992e-05 0.000128091 0.0012779 6.45341e-05 -4.14466e-05 -0.000160851 -7.72392e-05 -0.000139802 -7.14437e-05 -0.000113622
internal_weight=1162 1134 28 1104 1084 420 22 398 328 664 533 505 450 440
internal_count=1162 1134 28 1104 1084 420 22 398 328 664 533 505 450 440
is_linear=0
shrinkage=0.03


Tree=137
num_leaves=15
num_cat=0
split_feature=67 94 49 68 4 83 16 40 46 78 78 61 57 72
split_gain=0.0827744 0.0355213 0.0232364 0.0223167 0.0206542 0.0378586 0.024399 0.024114 0.0228247 0.0199862 0.0397773 0.0455823 0.0321403 0.0318075
threshold=116.28000000000002 -0.037624999999999992 0.099888325607700598 23.913750000000004 4.785000000000001 3.7054046305944977 0.032015572601305407 0.10140674934470932 4.0762500000000008 2.0166328969318252 2.1085942840980314 4.4708333333333341 8.6750000000000025 47.609166666666674
decision_type=2 2 2 2 2 2 2 2 2 2 2 2 2 2
left_child=1 3 -3 -1 6 7 8 -6 -5 13 11 -11 -12 -8
right_child=-2 2 -4 4 5 -7 9 -9 -10 10 12 -13 -14 -15
leaf_value=-0.0011642685453133548 0.0020185656240209937 -0.00066101106249594253 0.00064727526489150467 -0.00020411082490382691 0.0012212682285383848 -0.00096119018773046822 0.00016646882054633053 -0.00043909860542044041 -0.00107649676109914 0.0027592405490577221 -9.3339444529927092e-05 0.00039967410407760844 0.00071850984724005685 -0.00040107261599436233
leaf_weight=17 18 13.999999999999998 96 79 37 12.999999999999998 137 9.9999999999999982 41 9.9999999999999982 359 28 50 253
leaf_count=17 18 14 96 79 37 13 137 10 41 10 359 28 50 253
internal_value=-9.86035e-13 -3.17606e-05 0.000480766 -8.62848e-05 -6.82654e-05 0.000471674 -0.000102117 0.000867999 -0.000502176 -4.47613e-05 9.21698e-05 0.00102061 5.90864e-06 -0.000201705
internal_weight=1162 1144 110 1034 1017 60 957 47 120 837 447 38 409 390
internal_count=1162 1144 110 1034 1017 60 957 47 120 837 447 38 409 390
is_linear=0
shrinkage=0.03


Tree=138
num_leaves=15
num_cat=0
split_feature=91 94 44 28 68 38 69 4 66 34 16 42 89 61
split_gain=0.0799423 0.0383269 0.0280273 0.0231185 0.0210086 0.0196608 0.0214676 0.0194132 0.0357182 0.0235833 0.0230822 0.021735 0.0193315 0.0263521
threshold=0.1908460776954706 -0.037624999999999992 3.9650000000000003 22.541666666666671 23.913750000000004 0.10457396562103806 3.2620547822370249 4.785000000000001 68.035000000000011 1.885 0.03584440365585926 4.1050000000000013 -0.14599999999999996 8.2041666666666675
decision_type=2 2 2 2 2 2 2 2 2 2 2 2 2 2
left_child=1 4 5 -4 -1 6 -3 10 9 -9 11 -6 13 -12
right_child=-2 2 3 -5 7 -7 -8 8 -10 -11 12 -13 -14 -15
leaf_value=-0.0011293405060218099 0.0024359303433448077 0.00033934627990674923 0.00032885165168688839 0.0020094548746505203 -0.00019817914909720923 0.00065941011776554995 -0.0010312068602070211 0.0013341044701519421 -0.0006605715624755248 -0.000334960313513875 -6.8142805333941352e-05 -0.00096222132191542181 -0.00065945064145905364 0.00045029967452565493
leaf_weight=17 11.999999999999998 24 13.000000000000002 17 111 44 18 32 18 9.9999999999999982 654 48 42 102
leaf_count=17 12 24 13 17 111 44 18 32 18 10 654 48 42 102
internal_value=1.97803e-13 -2.54184e-05 0.000491659 0.00128119 -8.34271e-05 0.00021624 -0.000248034 -6.59438e-05 0.000457524 0.000936708 -9.87631e-05 -0.000428833 -3.29972e-05 1.80578e-06
internal_weight=1162 1150 116 30 1034 86 42 1017 60 42 957 159 798 756
internal_count=1162 1150 116 30 1034 86 42 1017 60 42 957 159 798 756
is_linear=0
shrinkage=0.03


Tree=139
num_leaves=15
num_cat=0
split_feature=0 74 67 51 44 81 76 34 19 30 61 56 65 26
split_gain=0.0754931 0.0272818 0.0347907 0.039757 0.0314872 0.0294152 0.045335 0.0819451 0.0293774 0.0283086 0.0290853 0.0420013 0.0274992 0.0270004
threshold=1.7180000000000002 3.3898555666768142 75.40000000000002 0.19973076252776123 4.0050000000000008 2.7963379685777281 2.565150377793413 0.33500000000000008 13.845000000000001 0.24500000000000002 6.2125000000000004 9.7000000000000011 59.300000000000004 21.599375000000006
decision_type=2 2 2 2 2 2 2 2 2 2 2 2 2 2
left_child=1 5 -3 4 -4 6 9 8 -8 -1 12 -12 -11 -7
right_child=-2 2 3 -5 -6 13 7 -9 -10 10 11 -13 -14 -15
leaf_value=-0.00066356571044530206 0.0015388610492560212 -0.00016020385576803566 0.00079268356198330459 5.142521957567038e-05 0.0026088368631899356 -0.00036576409831177439 0.0010050658143770234 -0.00013950319355921591 0.0030219043089220157 -7.2518596413107751e-06 -0.00048230554354002097 0.00050220469284340647 0.00065910184214337038 -0.0016279139959563811
leaf_weight=77 28 113 61 73 9.9999999999999982 100 13.000000000000002 41 12.999999999999998 290 208 48 69 18
leaf_count=77 28 113 61 73 10 100 13 41 13 290 208 48 69 18
internal_value=-1.41449e-13 -3.79966e-05 0.000233825 0.000543029 0.00104848 -0.000117652 -4.91467e-05 0.000695985 0.00201349 -0.000121291 -5.33963e-05 -0.00029771 0.000120822 -0.000558295
internal_weight=1162 1134 257 144 71 877 759 67 26 692 615 256 359 118
internal_count=1162 1134 257 144 71 877 759 67 26 692 615 256 359 118
is_linear=0
shrinkage=0.03


Tree=140
num_leaves=15
num_cat=0
split_feature=91 94 44 28 68 49 40 21 7 81 94 54 70 12
split_gain=0.0726231 0.0340473 0.0252797 0.0277964 0.019772 0.0180668 0.0323096 0.0234733 0.023372 0.0291032 0.0321291 0.0414922 0.0256957 0.0204493
threshold=0.1908460776954706 -0.037624999999999992 4.0050000000000008 22.541666666666671 23.913750000000004 0.12808685493726124 0.055969411509745139 13.635000000000002 1.4119199789990879 2.1095360976022137 -0.56887499999999991 4.0500000000000007 96.058125000000004 3.2850000000000006
decision_type=2 2 2 2 2 2 2 2 2 2 2 2 2 2
left_child=1 4 -3 -4 -1 8 7 -7 12 -10 11 -11 -6 -8
right_child=-2 2 3 -5 5 6 13 -9 9 10 -12 -13 -14 -15
leaf_value=-0.0010935660572174717 0.0023217421723529699 0.0002250907611257086 0.0003061910861959823 0.0022680083214520262 0.00029395550291982621 0.0021364344078624114 6.973815380102262e-05 0.00042572206551475184 -0.00055906196191534655 0.0017225715073291212 -0.00038732859216425788 6.2941025900456346e-05 -0.0012152088399637829 -0.00099705482641344553
leaf_weight=17 11.999999999999998 90 13.000000000000002 12.999999999999998 132 10.999999999999998 332 21 182 14.999999999999998 155 141 10.999999999999998 17
leaf_count=17 12 90 13 13 132 11 332 21 182 15 155 141 11 17
internal_value=-1.44135e-12 -2.42269e-05 0.000463127 0.0012871 -7.8901e-05 -6.19401e-05 0.000101428 0.00101378 -0.000159807 -0.000257752 -8.14234e-05 0.000222521 0.000177866 1.7774e-05
internal_weight=1162 1150 116 26 1034 1017 381 32 636 493 311 156 143 349
internal_count=1162 1150 116 26 1034 1017 381 32 636 493 311 156 143 349
is_linear=0
shrinkage=0.03


Tree=141
num_leaves=15
num_cat=0
split_feature=67 84 74 24 76 83 44 41 34 51 61 70 12 80
split_gain=0.0691187 0.0301579 0.0182422 0.0270025 0.0265129 0.036027 0.0864401 0.0431387 0.0414226 0.0258821 0.0250824 0.0248592 0.0382644 0.0242166
threshold=116.28000000000002 1.2232756797464674 3.3898555666768142 17.202500000000004 2.8494993224642666 2.2046711233451011 2.2250000000000005 4.8500000000000005 0.13500000000000004 0.19857729814279082 6.2125000000000004 56.194375000000015 2.5950000000000002 0.21822489938631751
decision_type=2 2 2 2 2 2 2 2 2 2 2 2 2 2
left_child=1 2 4 -4 5 8 -7 -8 -1 -5 11 12 -10 -11
right_child=-2 -3 3 9 -6 6 7 -9 10 13 -12 -13 -14 -15
leaf_value=-0.0013799895078409462 0.001844559674306462 0.0012642901455546961 -0.00024764085467363339 0.00077444006092264317 -0.00053586243028226101 0.0023634266376714496 -1.6786254003621963e-05 0.0020190951246768238 -0.0005381056628434212 0.00030869431746270552 -0.00033324344902080539 0.00056348920638286048 0.00022550176325853951 -0.00095091009036574789
leaf_weight=24 18 15.999999999999998 86 84 115 17 148 9.9999999999999982 97 58 249 71 151 18
leaf_count=24 18 16 86 84 115 17 148 10 97 58 249 71 151 18
internal_value=-4.34209e-13 -2.90228e-05 -4.73677e-05 0.000181072 -0.000111082 -4.73928e-05 0.000330771 0.000112067 -0.000159181 0.000411505 -0.000107597 6.85337e-05 -7.31673e-05 1.0367e-05
internal_weight=1162 1144 1128 246 882 767 175 158 592 160 568 319 248 76
internal_count=1162 1144 1128 246 882 767 175 158 592 160 568 319 248 76
is_linear=0
shrinkage=0.03


Tree=142
num_leaves=15
num_cat=0
split_feature=0 74 6 21 81 76 34 12 30 61 48 65 40 11
split_gain=0.0665007 0.0230704 0.0305791 0.0312662 0.0258588 0.0397316 0.0735062 0.0261029 0.0255477 0.0256616 0.0392535 0.026556 0.0246667 0.0224801
threshold=1.7180000000000002 3.3898555666768142 81.645000000000024 24.670000000000005 2.7963379685777281 2.565150377793413 0.33500000000000008 1.675 0.24500000000000002 6.2041666666666675 2.9568750000000006 59.300000000000004 0.15457521236953406 1.7850000000000004
decision_type=2 2 2 2 2 2 2 2 2 2 2 2 2 2
left_child=1 4 -3 -4 5 8 7 -7 -1 11 -11 -10 -6 -13
right_child=-2 2 3 -5 12 6 -8 -9 9 10 -12 13 -14 -15
leaf_value=-0.00062737314075506708 0.0014443051288669396 -0.00012460703690228382 0.00089302894761558705 -5.2974564703831939e-05 -0.00072387752206588027 0.0008739800867624579 -0.00013841610177556371 0.0027807454232658658 -4.7192852424782834e-06 -0.00049790169123259951 0.00033313673810334872 -0.00031015635977382772 0.0004101462233146386 0.00098499077276032105
leaf_weight=77 28 124 82 51 97 12.000000000000002 41 13.999999999999998 290 190 70 15.999999999999998 21 49
leaf_count=77 28 124 82 51 97 12 41 14 290 190 70 16 21 49
internal_value=1.43177e-12 -3.56619e-05 0.000214301 0.000530276 -0.000108912 -4.4681e-05 0.000652883 0.0019007 -0.00011222 -4.77208e-05 -0.000274161 0.000118122 -0.00052206 0.000666185
internal_weight=1162 1134 257 133 877 759 67 26 692 615 260 355 118 65
internal_count=1162 1134 257 133 877 759 67 26 692 615 260 355 118 65
is_linear=0
shrinkage=0.03


Tree=143
num_leaves=15
num_cat=0
split_feature=91 88 44 38 29 68 50 3 50 15 62 34 67 17
split_gain=0.0633064 0.0287601 0.0405504 0.0179454 0.0177039 0.0168211 0.0170971 0.0286147 0.0248632 0.0225983 0.0499599 0.0214574 0.0188657 0.0182466
threshold=0.1908460776954706 0.18750000000000003 4.0050000000000008 0.1200293894153328 3.1103459455522136 23.913750000000004 4.6433333333333344 0.025000000000000005 4.2445833333333338 2.0425000000000004 0.045226701686689512 1.925 79.670000000000016 2.2079166666666672
decision_type=2 2 2 2 2 2 2 2 2 2 2 2 2 2
left_child=1 5 3 4 -3 -1 8 -8 9 10 -7 -9 -12 -11
right_child=-2 2 -4 -5 -6 6 7 11 -10 13 12 -13 -14 -15
leaf_value=-0.00095194409478847907 0.0021677048585843294 0.00023924877674569588 0.0018559862310939933 0.00067702675099811835 -0.001054992160294205 0.0023193124746903777 -0.00026604304805264941 0.0010601775155713159 -0.00053032264892165595 -0.00051578413152977495 2.3030811822607966e-05 -0.00041791403158144517 0.00098193827949996496 -5.5689930030703209e-05
leaf_weight=19 11.999999999999998 26 15.999999999999998 37 14.999999999999998 9.9999999999999982 42 45 103 90 153 10.999999999999998 21 562
leaf_count=19 12 26 16 37 15 10 42 45 103 90 153 11 21 562
internal_value=-7.88349e-13 -2.26195e-05 0.000480227 0.00019802 -0.000234254 -6.73805e-05 -5.11735e-05 0.000325889 -9.05261e-05 -3.63406e-05 0.000257269 0.000769838 0.000138761 -0.0001192
internal_weight=1162 1150 94 78 41 1056 1037 98 939 836 184 56 174 652
internal_count=1162 1150 94 78 41 1056 1037 98 939 836 184 56 174 652
is_linear=0
shrinkage=0.03


Tree=144
num_leaves=15
num_cat=0
split_feature=67 84 47 40 39 91 35 5 94 94 54 29 75 55
split_gain=0.060733 0.0263146 0.0166816 0.0379876 0.0155442 0.0306285 0.0179408 0.0218053 0.0260173 0.0303885 0.029871 0.0296436 0.0248889 0.0215872
threshold=116.28000000000002 1.2232756797464674 0.12120918557018874 0.052581105071317157 2.1341666666666672 0.017458283244697542 1.7237500000000001 7.8500000000000005 -0.46008333333333323 -0.56987499999999991 4.0500000000000007 1.4696468084171295 2.3366858927841743 3.8500000000000001
decision_type=2 2 2 2 2 2 2 2 2 2 2 2 2 2
left_child=1 2 4 -4 6 -6 7 8 9 10 12 -11 -1 -13
right_child=-2 -3 3 -5 5 -7 -8 -9 -10 11 -12 13 -14 -15
leaf_value=0.00034663347853347657 0.0017290484078694133 0.001180890236282721 0.0016840184474962629 7.8654141635460152e-05 -0.00064500111580179358 0.00025305687836240694 0.00032694300568740194 -0.00069606304142955479 0.00030830427464227086 9.2891958192922172e-05 -8.043202077821005e-05 -0.0014775791980326173 0.002059049659662626 -0.00050415044560060392
leaf_weight=25 18 15.999999999999998 13.999999999999998 253 113 49 99 52 135 66 172 25 10.999999999999998 114
leaf_count=25 18 16 14 253 113 49 99 52 135 66 172 25 11 114
internal_value=2.40765e-12 -2.72053e-05 -4.43414e-05 0.000162831 -0.000108586 -0.000373366 -4.72211e-05 -0.000108958 -5.32475e-05 -0.00017143 8.40436e-05 -0.000430643 0.000869872 -0.000679228
internal_weight=1162 1144 1128 267 861 162 699 600 548 413 208 205 36 139
internal_count=1162 1144 1128 267 861 162 699 600 548 413 208 205 36 139
is_linear=0
shrinkage=0.03


Tree=145
num_leaves=15
num_cat=0
split_feature=91 88 44 38 29 68 50 76 93 50 78 94 54 72
split_gain=0.0576962 0.025738 0.0377412 0.0168952 0.0164656 0.0159017 0.0159626 0.0263186 0.0327489 0.0232896 0.0216134 0.0366799 0.0432785 0.0347703
threshold=0.1908460776954706 0.18750000000000003 4.0050000000000008 0.1200293894153328 3.1103459455522136 23.913750000000004 4.6433333333333344 3.6122670970642039 0.014229620028747704 4.2445833333333338 1.9714702728735325 -0.5608749999999999 3.6500000000000008 74.213333333333352
decision_type=2 2 2 2 2 2 2 2 2 2 2 2 2 2
left_child=1 5 3 4 -3 -1 9 8 -8 10 -7 12 -12 -13
right_child=-2 2 -4 -5 -6 6 7 -9 -10 -11 11 13 -14 -15
leaf_value=-0.00092398871811670493 0.0020694263133918867 0.00021905217445097292 0.0017813494117945082 0.00064662364412199796 -0.0010291077466681601 -0.0001933990313776128 -0.0003750941285904011 -0.00062524600021008931 0.0009766797952923097 -0.00051185620715841649 0.0023583960193209351 -0.00056991935207406641 0.00032758771632549779 0.00015142654542812478
leaf_weight=19 11.999999999999998 26 15.999999999999998 37 14.999999999999998 399 23 21 54 103 9.9999999999999982 96 170 161
leaf_count=19 12 26 16 37 15 399 23 21 54 103 10 96 170 161
internal_value=-8.74712e-13 -2.1594e-05 0.0004541 0.000181844 -0.000237592 -6.3938e-05 -4.81801e-05 0.000316157 0.000572903 -8.62046e-05 -3.37619e-05 0.000111994 0.00044041 -0.000118026
internal_weight=1162 1150 94 78 41 1056 1037 98 77 939 836 437 180 257
internal_count=1162 1150 94 78 41 1056 1037 98 77 939 836 437 180 257
is_linear=0
shrinkage=0.03


Tree=146
num_leaves=15
num_cat=0
split_feature=67 84 33 39 3 59 86 62 39 81 83 51 49 13
split_gain=0.0550437 0.0240743 0.0156172 0.0366278 0.0204971 0.0275559 0.0292686 0.035107 0.0284266 0.0339737 0.0489168 0.0261007 0.019792 0.0193578
threshold=116.28000000000002 1.2232756797464674 2.1050000000000004 2.4933333333333336 1.7450000000000003 5.3812500000000014 -0.61149999999999982 0.049236596392093449 0.86625000000000008 2.3210416543465691 2.7139664245954802 0.12471480491628946 0.19831432154868131 2.6687500000000006
decision_type=2 2 2 2 2 2 2 2 2 2 2 2 2 2
left_child=1 2 4 12 5 6 7 -1 9 -8 11 -11 -4 -5
right_child=-2 -3 3 13 -6 -7 8 -9 -10 10 -12 -13 -14 -15
leaf_value=0.002364522233605385 0.0016460722710083548 0.0011296269576268969 -0.00066443933005858621 -8.8871546263084256e-05 0.00035835196780328204 -0.00035118552652420472 -0.00058110049744713359 0.00034898702693837025 0.00037544571363701506 0.00031459097767604847 -0.00016232470468405933 0.0016407345794141291 0.0001653782090761524 0.00087874777649994934
leaf_weight=9.9999999999999982 18 15.999999999999998 135 49 134 195 109 35 133 34 210 22 32 30
leaf_count=10 18 16 135 49 134 195 109 35 133 34 210 22 32 30
internal_value=-9.9005e-13 -2.58997e-05 -4.22902e-05 -0.000253656 1.66623e-05 -4.45495e-05 6.35771e-05 0.000796884 -1.38112e-06 -0.000135029 4.77596e-05 0.000835576 -0.000505432 0.000278579
internal_weight=1162 1144 1128 246 882 748 553 45 508 375 266 56 167 79
internal_count=1162 1144 1128 246 882 748 553 45 508 375 266 56 167 79
is_linear=0
shrinkage=0.03


Tree=147
num_leaves=15
num_cat=0
split_feature=91 94 44 28 94 75 24 84 39 35 51 82 74 74
split_gain=0.0527171 0.0229598 0.0198719 0.0232601 0.0190188 0.0172058 0.0197085 0.0166597 0.0165824 0.0295225 0.0260211 0.0201811 0.018492 0.0269641
threshold=0.1908460776954706 -0.037624999999999992 4.0050000000000008 22.541666666666671 -0.14624999999999996 5.2704010008296178 26.452500000000004 0.49132498171007227 2.5250000000000008 2.2012500000000004 0.16799492881899028 0.19698222228234449 1.3007444905651646 0.021938089939232967
decision_type=2 2 2 2 2 2 2 2 2 2 2 2 2 2
left_child=1 4 -3 -4 5 8 7 -7 9 12 -11 -10 13 -1
right_child=-2 2 3 -5 -6 6 -8 -9 11 10 -12 -13 -14 -15
leaf_value=-0.00073048139124044342 0.0019781180271456833 0.00016852269190712832 0.0002128057119597752 0.0020074183173710478 -0.00086665611839495014 0.0010242795635937139 -0.00036253822676371781 -0.00018213378016038664 0.00095227807527407992 -0.00082365430758037637 0.00014500306220725179 -0.00015756008438043423 -0.00011504786076377632 0.00043266198799711873
leaf_weight=21 11.999999999999998 90 13.000000000000002 12.999999999999998 26 39 22 13.999999999999998 30 87 35 29 608 123
leaf_count=21 12 90 13 13 26 39 22 14 30 87 35 29 608 123
internal_value=-7.21428e-13 -2.06412e-05 0.000379569 0.00111011 -6.5539e-05 -4.48753e-05 0.000392283 0.000705604 -8.00166e-05 -0.000112877 -0.000545761 0.000406764 -4.26486e-05 0.000263037
internal_weight=1162 1150 116 26 1034 1008 75 53 933 874 122 59 752 144
internal_count=1162 1150 116 26 1034 1008 75 53 933 874 122 59 752 144
is_linear=0
shrinkage=0.03


Tree=148
num_leaves=15
num_cat=0
split_feature=0 35 74 67 51 80 81 76 34 26 3 30 59 56
split_gain=0.0506507 0.0191627 0.0174304 0.0249541 0.030625 0.0228599 0.0226713 0.033468 0.0605696 0.0233602 0.0230152 0.0219813 0.0219331 0.0348742
threshold=1.7180000000000002 1.8587500000000001 3.3898555666768142 75.40000000000002 0.19973076252776123 0.21822489938631751 2.7963379685777281 2.565150377793413 0.33500000000000008 21.599375000000006 0.16500000000000004 0.24500000000000002 6.2562500000000005 9.7000000000000011
decision_type=2 2 2 2 2 2 2 2 2 2 2 2 2 2
left_child=2 -2 6 -4 -5 -6 7 11 10 -8 -9 -1 -13 -14
right_child=1 -3 3 4 5 -7 9 8 -10 -11 -12 12 13 -15
leaf_value=-0.00057448243224719699 0.0023134348138701159 0.0006755158099501083 -0.00014756143395737456 0.00089163573810496224 0.00030905201066551462 -0.00094698125800384914 -0.0003025574190309271 0.00091191730395491608 -0.00011272892974907667 -0.0014765480222801368 0.0027023602742701769 0.00011196167945324834 -0.00042451108808021616 0.00047465863099205308
leaf_weight=77 10.000000000000002 18 113 71 56 17 100 14.000000000000002 41 18 11.999999999999998 364 203 48
leaf_count=77 10 18 113 71 56 17 100 14 41 18 12 364 203 48
internal_value=-1.15902e-13 0.00126049 -3.11231e-05 0.000186148 0.000448016 1.65511e-05 -9.47931e-05 -3.46508e-05 0.000605571 -0.000481641 0.00173828 -9.66376e-05 -3.68099e-05 -0.000252558
internal_weight=1162 28 1134 257 144 73 877 759 67 118 26 692 615 251
internal_count=1162 28 1134 257 144 73 877 759 67 118 26 692 615 251
is_linear=0
shrinkage=0.03


Tree=149
num_leaves=15
num_cat=0
split_feature=85 35 64 18 50 66 8 15 9 12 23 42 94 25
split_gain=0.0477755 0.0299096 0.0151382 0.0166946 0.0272119 0.022114 0.0301568 0.0212465 0.0200709 0.0206172 0.0279686 0.0375035 0.0258181 0.0270462
threshold=1.018 1.7562500000000003 24.595000000000002 0.058487870315493039 4.5725000000000007 61.420000000000009 2.7150000000000003 1.6475000000000002 3.2350000000000008 1.885 12.865 2.0750000000000006 -0.46008333333333323 1.6174708514538758
decision_type=2 2 2 2 2 2 2 2 2 2 2 2 2 2
left_child=2 -2 -1 5 8 6 -4 -7 9 -5 11 -11 -12 -14
right_child=1 -3 3 4 -6 7 -8 -9 -10 10 12 -13 13 -15
leaf_value=-0.00083231824059371961 0.0023794321300969882 0.00050222769761458031 -0.00061790666274825394 -0.00035276597986839161 0.00078184121097861373 0.00099085315373182922 0.0010194963081316514 -9.0977926812552994e-05 -0.00040059936644589155 0.0024161338016856458 -0.00015831762990920921 0.00041888323831583624 0.00064076234076808 3.5607779358068238e-06
leaf_weight=21 10.999999999999998 25 127 88 44 18 10.999999999999998 177 92 9.9999999999999982 239 55 106 138
leaf_count=21 11 25 127 88 44 18 11 177 92 10 239 55 106 138
internal_value=2.71501e-12 0.00107582 -3.43956e-05 -1.92315e-05 5.73532e-05 -0.000196779 -0.000487389 8.8834e-06 1.35655e-05 7.34761e-05 0.000141924 0.000726153 6.33008e-05 0.000280378
internal_weight=1162 36 1126 1105 772 333 138 195 728 636 548 65 483 244
internal_count=1162 36 1126 1105 772 333 138 195 728 636 548 65 483 244
is_linear=0
shrinkage=0.03


Tree=150
num_leaves=15
num_cat=0
split_feature=67 84 71 83 34 63 77 59 72 84 62 68 45 1
split_gain=0.0461235 0.0199749 0.0143001 0.0154671 0.0317302 0.025096 0.0231802 0.0457488 0.0214167 0.0246695 0.0192975 0.0185072 0.0182678 0.0168924
threshold=116.28000000000002 1.2232756797464674 0.92561480047143485 2.1256510934830151 0.13500000000000004 46.225000000000001 2.4307285094530844 3.7812500000000004 99.266666666666694 0.27394576149841415 0.038924947208097319 97.715000000000018 4.9750000000000005 2.7650000000000001
decision_type=2 2 2 2 2 2 2 2 2 2 2 2 2 2
left_child=1 2 -1 4 -4 -5 7 -7 11 -10 -6 13 -12 -8
right_child=-2 -3 3 5 10 6 8 -9 9 -11 12 -13 -14 -15
leaf_value=0.00067086408259347077 0.0015068022547833002 0.0010288480299641377 -0.001259229108488754 -0.00048887033927916376 -0.00091718760319054122 0.0025122706862166521 -5.1414258852472666e-05 0.00032312256856592461 0.0011176037678325716 -0.00016229114581263907 -0.00010617915163216505 -0.00088160178695530212 0.0011302191515675407 0.00067234515525342424
leaf_weight=25 18 15.999999999999998 23 67 26 9.9999999999999982 312 61 33 23 483 22 10.999999999999998 32
leaf_count=25 18 16 23 67 26 10 312 61 33 23 483 22 11 32
internal_value=6.1931e-14 -2.37084e-05 -3.86383e-05 -5.47195e-05 -0.000168805 5.5903e-05 0.000129939 0.000631453 4.55611e-05 0.000591933 -0.000120575 -3.80367e-05 -7.8648e-05 1.59122e-05
internal_weight=1162 1144 1128 1103 543 560 493 71 422 56 520 366 494 344
internal_count=1162 1144 1128 1103 543 560 493 71 422 56 520 366 494 344
is_linear=0
shrinkage=0.03


Tree=151
num_leaves=15
num_cat=0
split_feature=91 88 44 38 29 71 68 4 83 16 40 78 78 45
split_gain=0.044251 0.0188485 0.0317204 0.0144045 0.0147839 0.0141766 0.0135657 0.0137814 0.0269452 0.0192975 0.0180092 0.016164 0.030275 0.0323135
threshold=0.1908460776954706 0.18750000000000003 4.0050000000000008 0.1200293894153328 3.1103459455522136 0.92561480047143485 23.913750000000004 4.785000000000001 3.7054046305944977 0.032015572601305407 0.10140674934470932 2.0166328969318252 2.1085942840980314 2.3550000000000004
decision_type=2 2 2 2 2 2 2 2 2 2 2 2 2 2
left_child=1 5 3 4 -3 -1 -7 9 10 -8 -9 -11 13 -13
right_child=-2 2 -4 -5 -6 6 7 8 -10 11 -12 12 -14 -15
leaf_value=0.00065073816427029657 0.001812332381377928 0.00018398008924962666 0.0016049543648477993 0.00056772621260402169 -0.0009987200945615767 -0.00086645741220931275 -0.00044953682379206798 0.0010232791182509546 -0.00082519774396832169 -0.00017827178306220048 -0.00041160506475716827 0.002360651166178286 1.2086533968416127e-05 0.00037397845664859883
leaf_weight=25 11.999999999999998 26 15.999999999999998 37 14.999999999999998 19 115 37 12.999999999999998 384 9.9999999999999982 9.9999999999999982 415 28
leaf_count=25 12 26 16 37 15 19 115 37 13 384 10 10 415 28
internal_value=-7.51906e-13 -1.89113e-05 0.000388168 0.000138571 -0.000248715 -5.51475e-05 -7.22641e-05 -5.73533e-05 0.000383628 -8.51463e-05 0.000717985 -3.50807e-05 8.62998e-05 0.000896787
internal_weight=1162 1150 94 78 41 1056 1031 1012 60 952 47 837 453 38
internal_count=1162 1150 94 78 41 1056 1031 1012 60 952 47 837 453 38
is_linear=0
shrinkage=0.03


Tree=152
num_leaves=15
num_cat=0
split_feature=67 47 40 27 26 38 6 51 69 77 81 9 89 78
split_gain=0.041823 0.0185171 0.019394 0.020423 0.0149147 0.0222855 0.0149726 0.0157787 0.013221 0.0125928 0.0163549 0.0139706 0.0203004 0.0280116
threshold=116.28000000000002 0.13950799954264567 0.055016956351632861 4.9402641314267521 26.182500000000005 0.091260973601075004 79.105000000000004 0.22905825987962594 0.99514564210719825 0.18888655666995383 0.082758563458608395 3.2350000000000008 -0.49249999999999994 1.9592097868492144
decision_type=2 2 2 2 2 2 2 2 2 2 2 2 2 2
left_child=1 9 -3 4 6 -6 8 -8 -4 10 -1 12 13 -11
right_child=-2 2 3 -5 5 -7 7 -9 -10 11 -12 -13 -14 -15
leaf_value=-2.9952417417253188e-05 0.0014348374202381819 0.0014623564888130533 0.00063695245500033101 0.00087221694486816568 -0.001694118294864893 -6.5409709913505894e-05 0.0010908263275066726 -2.0929510239511726e-05 -0.00029974139916752891 -0.00047244523915844879 0.0010182585806718894 -0.00049011537786170195 0.00013895128489109439 -1.634300492400586e-05
leaf_weight=37 18 10.999999999999998 18 31 9.9999999999999982 31 27 20 55 188 21 78 276 341
leaf_count=37 18 11 18 31 10 31 27 20 55 188 21 78 276 341
internal_value=3.57474e-13 -2.25761e-05 0.000237285 0.000167099 3.13305e-05 -0.000462656 0.000200109 0.000617739 -6.87758e-05 -7.86354e-05 0.000349572 -0.000106762 -6.96175e-05 -0.000178436
internal_weight=1162 1144 203 192 161 41 120 47 73 941 58 883 805 529
internal_count=1162 1144 203 192 161 41 120 47 73 941 58 883 805 529
is_linear=0
shrinkage=0.03


Tree=153
num_leaves=15
num_cat=0
split_feature=92 72 13 95 28 45 5 51 73 95 15 81 75 62
split_gain=0.0407812 0.0304627 0.019072 0.0181518 0.0232034 0.0196606 0.0188819 0.0179121 0.0189544 0.0177031 0.0168723 0.0249475 0.0211639 0.0193926
threshold=0.81756250000000008 100.48916666666668 3.3587500000000001 0.063742014048909557 27.355416666666667 3.5750000000000006 9.4500000000000011 0.14537699158288625 4.1472838710835749 0.1810767207815121 2.6950000000000007 2.1095360976022137 2.001482187274584 0.045226701686240274
decision_type=2 2 2 2 2 2 2 2 2 2 2 2 2 2
left_child=2 -2 3 4 10 6 -5 -7 -9 -4 11 12 -1 -12
right_child=1 -3 9 5 -6 7 -8 8 -10 -11 13 -13 -14 -15
leaf_value=-0.00020169677130397399 0.00046849210947249572 0.002329440800473094 -0.00032267133027369919 0.00032459163503344396 -0.0010296270525379275 0.0014563641157777358 -0.00049659850350248494 0.00091538775712251663 -0.00016926942174403189 -0.0017586003597825765 -0.00078944188622699586 3.0063949622397861e-05 -0.00086045650224280377 0.00030275761080638243
leaf_weight=203 38 9.9999999999999982 34 63 22 18 42 29 29 9.9999999999999982 15.999999999999998 421 56 171
leaf_count=203 38 10 34 63 22 18 42 29 29 10 16 421 56 171
internal_value=1.0419e-12 0.00085619 -3.68915e-05 -1.17199e-05 -6.7474e-05 0.000262122 -3.88442e-06 0.000629631 0.000373059 -0.000649019 -4.30595e-05 -0.00011246 -0.000344131 0.000209307
internal_weight=1162 48 1114 1070 889 181 105 76 58 44 867 680 259 187
internal_count=1162 48 1114 1070 889 181 105 76 58 44 867 680 259 187
is_linear=0
shrinkage=0.03


Tree=154
num_leaves=15
num_cat=0
split_feature=0 35 74 24 21 6 76 76 39 38 3 35 59 26
split_gain=0.038865 0.0158608 0.0133714 0.0206729 0.0235499 0.0228323 0.0204047 0.0258656 0.0554061 0.0276864 0.0271236 0.0189993 0.0243276 0.0185944
threshold=1.7180000000000002 1.8587500000000001 3.3898555666768142 16.995000000000001 24.455000000000002 75.985000000000014 2.8494993224642666 2.565150377793413 0.26000000000000006 0.089437727598273772 0.16500000000000004 0.2637500000000001 3.7812500000000004 21.599375000000006
decision_type=2 2 2 2 2 2 2 2 2 2 2 2 2 2
left_child=2 -2 6 -4 5 -5 7 11 10 -10 -9 -1 -13 -8
right_child=1 -3 3 4 -6 -7 13 8 9 -11 -12 12 -14 -15
leaf_value=-0.00049181958086908992 0.0020620890604332079 0.00057194870780222121 -0.00023003126964662131 -0.0001164211463263451 -0.00011680186126406104 0.00086141696014632296 -0.00029699719755954741 0.00083861874316685939 -0.00059911690520933795 0.00097091077640652649 0.0028842919729650017 0.0014450798453763125 -4.7014705038107954e-05 -0.0013726054794867249
leaf_weight=89 10.000000000000002 18 82 29 63 83 97 14.000000000000002 31 14.999999999999998 9.9999999999999982 9.9999999999999982 594 17
leaf_count=89 10 18 82 29 63 83 97 14 31 15 10 10 594 17
internal_value=-1.80193e-13 0.00110414 -2.72628e-05 0.000163036 0.000347216 0.000608227 -8.30288e-05 -2.70947e-05 0.000522495 -8.71514e-05 0.00169098 -8.26088e-05 -2.23112e-05 -0.000457395
internal_weight=1162 28 1134 257 175 112 877 763 70 46 24 693 604 114
internal_count=1162 28 1134 257 175 112 877 763 70 46 24 693 604 114
is_linear=0
shrinkage=0.03


Tree=155
num_leaves=15
num_cat=0
split_feature=91 84 82 69 61 34 60 73 95 55 13 59 7 7
split_gain=0.0366063 0.0167654 0.014395 0.0294396 0.016466 0.0189823 0.0206547 0.0131003 0.0145024 0.0165782 0.0207862 0.0330089 0.0175921 0.0282073
threshold=0.1908460776954706 1.2232756797464674 0.27641409090060842 3.5172952447812791 3.6041666666666674 0.99500000000000011 0.051754916950772493 8.1264025885997597 0.0684307364198211 6.3500000000000005 3.1912500000000006 7.918750000000002 1.3518202453517871 0.15359418521277982
decision_type=2 2 2 2 2 2 2 2 2 2 2 2 2 2
left_child=1 2 3 7 -5 -6 -7 8 9 12 11 -11 13 -1
right_child=-2 -3 -4 4 5 6 -8 -9 -10 10 -12 -13 -14 -15
leaf_value=-0.00052402390258224764 0.0016483686439460142 0.0010146197509519491 -0.00024015119259758819 0.0012788998941929699 -0.00025708309594994863 -0.00023984342863384101 0.0008582022391131212 -0.00084697704684610171 0.00037074496880695973 -0.00055017353710413975 -0.0013338498833507079 0.00043407270239897668 -7.1251752797844487e-05 0.0006891060565375601
leaf_weight=23 11.999999999999998 13.999999999999998 233 18 37 21 58 18 74 92 17 46 430 69
leaf_count=23 12 14 233 18 37 21 58 18 74 92 17 46 430 69
internal_value=-4.73845e-14 -1.72004e-05 -2.99165e-05 2.43302e-05 0.00043468 0.000303681 0.000566317 -4.71743e-05 -2.80046e-05 -7.15902e-05 -0.000344026 -0.000222091 9.30558e-06 0.000385824
internal_weight=1162 1150 1136 903 134 116 79 769 751 677 155 138 522 92
internal_count=1162 1150 1136 903 134 116 79 769 751 677 155 138 522 92
is_linear=0
shrinkage=0.03


Tree=156
num_leaves=15
num_cat=0
split_feature=67 47 40 27 26 38 6 51 69 37 39 91 72 73
split_gain=0.0346631 0.0157982 0.0181626 0.0175165 0.0135538 0.0192932 0.0124948 0.0140602 0.012426 0.0109406 0.0288346 0.0195579 0.0138344 0.0199868
threshold=116.28000000000002 0.13950799954264567 0.055016956351632861 4.9402641314267521 26.182500000000005 0.091260973601075004 79.105000000000004 0.22905825987962594 0.99514564210719825 2.1850000000000005 2.4787500000000002 0.014247806848777449 100.48916666666668 6.6772583070316971
decision_type=2 2 2 2 2 2 2 2 2 2 2 2 2 2
left_child=1 9 -3 4 6 -6 8 -8 -4 12 -11 -12 13 -1
right_child=-2 2 3 -5 5 -7 7 -9 -10 10 11 -13 -14 -15
leaf_value=-2.9538579051527572e-06 0.0013062567977855603 0.001405012376437133 0.00062525766901671892 0.00080457202663960592 -0.0015909053133800627 -7.5479087630106554e-05 0.0010148024304847544 -3.4663602593354884e-05 -0.00028283587840004736 -0.00063573608100322369 -0.00042477806113311089 0.00057813639598732272 0.00053336655834420135 -0.00053585376422519656
leaf_weight=666 18 10.999999999999998 18 31 9.9999999999999982 31 27 20 55 95 30 42 38 70
leaf_count=666 18 11 18 31 10 31 27 20 55 95 30 42 38 70
internal_value=2.03627e-13 -2.0553e-05 0.000219473 0.000151551 2.58146e-05 -0.000445095 0.000186709 0.000568221 -5.89224e-05 -7.23333e-05 -0.000292554 0.000160255 -2.4818e-05 -5.36373e-05
internal_weight=1162 1144 203 192 161 41 120 47 73 941 167 72 774 736
internal_count=1162 1144 203 192 161 41 120 47 73 941 167 72 774 736
is_linear=0
shrinkage=0.03


Tree=157
num_leaves=15
num_cat=0
split_feature=0 35 64 18 45 66 8 15 21 88 44 47 44 88
split_gain=0.033821 0.0145342 0.0128906 0.0140314 0.0227189 0.0189962 0.0260283 0.0180769 0.0172906 0.0211162 0.0199685 0.0184857 0.0181345 0.0158604
threshold=1.7180000000000002 1.8587500000000001 24.595000000000002 0.058487870315493039 4.955000000000001 61.420000000000009 2.7150000000000003 1.6475000000000002 24.250000000000004 0.18750000000000003 4.0050000000000008 0.14277010426180781 1.9550000000000003 -0.13699999999999998
decision_type=2 2 2 2 2 2 2 2 2 2 2 2 2 2
left_child=2 -2 -1 5 8 6 -4 -7 9 11 -11 13 -13 -5
right_child=1 -3 3 4 -6 7 -8 -9 -10 10 -12 12 -14 -15
leaf_value=-0.00076178946045859315 0.0019470147496322163 0.00052055445543373934 -0.0005651624956489981 2.929792777114712e-05 0.00098692281193191026 0.00092181803668305896 0.00095603599213063713 -7.6059623632903874e-05 -0.00022137410294230758 0.00026467630174010993 0.0017607464578647453 0.0016237077692692929 0.00030802400068337605 -0.00087917113831887642
leaf_weight=21 10.000000000000002 18 127 442 23 18 10.999999999999998 177 186 21 12.999999999999998 10.999999999999998 66 18
leaf_count=21 10 18 127 442 23 18 11 177 186 21 13 11 66 18
internal_value=1.51382e-13 0.00103 -2.54322e-05 -1.15387e-05 5.80596e-05 -0.000174562 -0.000443908 1.60522e-05 2.98379e-05 0.000111669 0.000836703 6.57635e-05 0.000495979 -6.25086e-06
internal_weight=1162 28 1134 1113 780 333 138 195 757 571 34 537 77 460
internal_count=1162 28 1134 1113 780 333 138 195 757 571 34 537 77 460
is_linear=0
shrinkage=0.03


Tree=158
num_leaves=15
num_cat=0
split_feature=92 72 13 95 95 28 45 5 51 73 15 81 75 50
split_gain=0.0321125 0.0264122 0.0168589 0.0161261 0.015028 0.0195297 0.0167979 0.0161913 0.0154169 0.0168879 0.0144335 0.0217304 0.0202157 0.0184639
threshold=0.81756250000000008 100.48916666666668 3.3587500000000001 0.1810767207815121 0.063742014048909557 27.355416666666667 3.5750000000000006 9.4500000000000011 0.14537699158288625 4.1472838710835749 2.6950000000000007 2.1095360976022137 2.001482187274584 2.5687500000000005
decision_type=2 2 2 2 2 2 2 2 2 2 2 2 2 2
left_child=2 -2 4 -4 5 10 7 -6 -8 -10 11 12 -1 -13
right_child=1 -3 3 -5 6 -7 8 -9 9 -11 -12 13 -14 -15
leaf_value=-0.00017860272232319223 0.00039875881698160236 0.0021315739396959542 -0.00029678203156971206 -0.0016672603972256183 0.00029839173211560892 -0.00094250688953748476 0.0013467911878251471 -0.00046204324794026823 0.00085367832413135931 -0.00017014571497666424 0.00019601416602194741 0.00040197974722337053 -0.00082243555880268104 -7.5094130136785011e-05
leaf_weight=203 38 9.9999999999999982 34 9.9999999999999982 63 22 18 42 29 29 187 94 56 327
leaf_count=203 38 10 34 10 63 22 18 42 29 29 187 94 56 327
internal_value=3.34556e-13 0.000759762 -3.27366e-05 -0.000608254 -9.07045e-06 -5.98008e-05 0.000240097 -5.78226e-06 0.000579799 0.000341766 -3.74023e-05 -0.000101592 -0.00031781 3.14259e-05
internal_weight=1162 48 1114 44 1070 889 181 105 76 58 867 680 259 421
internal_count=1162 48 1114 44 1070 889 181 105 76 58 867 680 259 421
is_linear=0
shrinkage=0.03


Tree=159
num_leaves=15
num_cat=0
split_feature=0 60 64 18 45 66 8 49 84 21 67 47 55 0
split_gain=0.0304832 0.0138781 0.011867 0.0129976 0.0206225 0.0175314 0.0241307 0.01719 0.0195689 0.0158333 0.0190597 0.0203961 0.0165635 0.0208757
threshold=1.7180000000000002 0.21526072145280337 24.595000000000002 0.058487870315493039 4.955000000000001 61.420000000000009 2.7150000000000003 0.12808685493726124 0.1558454561633861 24.250000000000004 109.12000000000002 0.14931774687880192 5.9500000000000011 -0.61149999999999982
decision_type=2 2 2 2 2 2 2 2 2 2 2 2 2 2
left_child=2 -2 -1 5 9 6 -4 -7 -9 10 11 12 13 -5
right_child=1 -3 3 4 -6 7 -8 8 -10 -11 -12 -13 -14 -15
leaf_value=-0.00073066230505771409 0.0018739333350677036 0.00048003949884635699 -0.00054322055573978532 0.00065548797926437267 0.00094114082966647715 -0.00014332990010864927 0.00092147450724785974 0.001692718564532697 0.00019699169127773998 -0.00021110914664008776 0.00099460964756352562 0.00054823914931904233 -0.0002422430779052144 1.6923756179704259e-05
leaf_weight=21 10.000000000000002 18 127 56 23 148 10.999999999999998 9.9999999999999982 37 186 21 71 163 260
leaf_count=21 10 18 127 56 23 148 11 10 37 186 21 71 163 260
internal_value=-2.70453e-13 0.000977859 -2.41447e-05 -1.08141e-05 5.61713e-05 -0.000167717 -0.000426469 1.54003e-05 0.000515231 2.92832e-05 0.00010759 7.37216e-05 3.38597e-06 0.000130087
internal_weight=1162 28 1134 1113 780 333 138 195 47 757 571 550 479 316
internal_count=1162 28 1134 1113 780 333 138 195 47 757 571 550 479 316
is_linear=0
shrinkage=0.03


Tree=160
num_leaves=15
num_cat=0
split_feature=92 72 13 73 95 28 45 85 49 51 73 21 15 81
split_gain=0.0289028 0.0242225 0.0155019 0.0153139 0.0139032 0.0181106 0.0152857 0.0155247 0.0158548 0.0144726 0.0155588 0.0140077 0.0133427 0.0199276
threshold=0.81756250000000008 100.48916666666668 3.3587500000000001 4.9031746366726061 0.063742014048909557 27.355416666666667 3.5750000000000006 -0.47749999999999992 0.15958371301808305 0.14537699158288625 4.1472838710835749 30.075000000000003 2.6950000000000007 2.1095360976022137
decision_type=2 2 2 2 2 2 2 2 2 2 2 2 2 2
left_child=2 -2 4 -4 5 12 7 -6 11 -8 -11 -9 13 -1
right_child=1 -3 3 -5 6 -7 9 8 -10 10 -12 -13 -14 -15
leaf_value=-0.00030436039545438901 0.00037507731384769276 0.0020345111209899187 -0.00013882799443106503 -0.0012882626774337361 0.00092677434394967614 -0.00090718992943452151 0.0012984794540291964 -0.00083374689363907746 0.00028138074366974511 0.00081607615354406667 -0.00016663447841359623 0.00028905713481695524 0.00018883354764837612 3.0074797622829612e-05
leaf_weight=259 38 9.9999999999999982 27 17 13.999999999999998 22 18 35 42 29 29 13.999999999999998 187 421
leaf_count=259 38 10 27 17 14 22 18 35 42 29 29 14 187 421
internal_value=-4.12983e-13 0.000720793 -3.10575e-05 -0.000582928 -8.36376e-06 -5.71588e-05 0.000231298 -3.25247e-06 -0.000146334 0.000555348 0.000324721 -0.000512946 -3.55894e-05 -9.73057e-05
internal_weight=1162 48 1114 44 1070 889 181 105 91 76 58 49 867 680
internal_count=1162 48 1114 44 1070 889 181 105 91 76 58 49 867 680
is_linear=0
shrinkage=0.03


Tree=161
num_leaves=15
num_cat=0
split_feature=0 35 71 74 24 21 6 28 4 42 62 89 28 77
split_gain=0.0274765 0.0133705 0.0113109 0.0115138 0.0167788 0.0193434 0.0187281 0.0165477 0.0283001 0.0243694 0.0183664 0.0176635 0.0336497 0.0297487
threshold=1.7180000000000002 1.8587500000000001 0.92561480047143485 3.3898555666768142 16.995000000000001 24.455000000000002 75.985000000000014 13.816666666666668 1.7350000000000001 4.7950000000000008 0.042075824447379291 -0.49249999999999994 20.075416666666673 2.7336710649210065
decision_type=2 2 2 2 2 2 2 2 2 2 2 2 2 2
left_child=2 -2 -1 7 -5 6 -6 8 -4 -10 -9 -12 -13 -14
right_child=1 -3 3 4 5 -7 -8 10 9 -11 11 12 13 -15
leaf_value=0.00060811928110197184 0.0018079127781093112 0.00043975195342985292 0.0016967817004770039 -0.00021526337287490959 -0.00011495955256295615 -0.0001157571958624647 0.00077064438293833872 -0.00082481989481796817 -1.2810456134026648e-05 0.0015060338219627738 -0.00028829958397995809 0.00041452852352860296 -7.176589579030405e-05 -0.0011895520593971014
leaf_weight=25 10.000000000000002 18 9.9999999999999982 82 29 63 83 36 193 9.9999999999999982 304 124 150 25
leaf_count=25 10 18 10 82 29 63 83 36 193 10 304 124 150 25
internal_value=2.80644e-13 0.000928381 -2.2923e-05 -3.71485e-05 0.000138854 0.000304783 0.000541336 -9.02383e-05 0.000138759 6.20095e-05 -0.000166571 -0.000127272 3.64477e-05 -0.00023145
internal_weight=1162 28 1134 1109 257 175 112 852 213 203 639 603 299 175
internal_count=1162 28 1134 1109 257 175 112 852 213 203 639 603 299 175
is_linear=0
shrinkage=0.03


Tree=162
num_leaves=15
num_cat=0
split_feature=91 84 82 69 61 34 60 28 18 46 62 45 40 74
split_gain=0.026181 0.0136837 0.0128158 0.0245596 0.0146245 0.0166256 0.0171933 0.0120067 0.0162484 0.0141323 0.0137404 0.0154809 0.0131521 0.0147965
threshold=0.1908460776954706 1.2232756797464674 0.27641409090060842 3.5172952447812791 3.6041666666666674 0.99500000000000011 0.051754916950772493 13.816666666666668 0.048554863647601788 4.6687500000000011 1.0000000180025095e-35 5.1550000000000011 0.056363819139281811 4.1380181929862712
decision_type=2 2 2 2 2 2 2 2 2 2 2 2 2 2
left_child=1 2 3 7 -5 -6 -7 9 -9 -1 -10 12 -12 -14
right_child=-2 -3 -4 4 5 6 -8 8 10 -11 11 -13 13 -15
leaf_value=5.1419838487242214e-05 0.001394021866726689 0.00091763166943565006 -0.00022440200346040382 0.0011955626118772974 -0.00024830675702793774 -0.00021323153108824042 0.00078859223663036164 -0.00051947363324487874 -0.00081804814981296654 0.00074698776770908864 0.0003287046288031676 0.0011525948960334064 -0.00016719312373839867 0.00049708450265990736
leaf_weight=173 11.999999999999998 13.999999999999998 233 18 37 21 58 76 20 31 73 9.9999999999999982 353 33
leaf_count=173 12 14 233 18 37 21 58 76 20 31 73 10 353 33
internal_value=4.08803e-14 -1.45463e-05 -2.60344e-05 2.51501e-05 0.00039995 0.000276493 0.000522285 -4.01596e-05 -0.000111389 0.000157119 -4.79652e-05 -1.51258e-05 -4.05663e-05 -0.000110403
internal_weight=1162 1150 1136 903 134 116 79 769 565 204 489 469 459 386
internal_count=1162 1150 1136 903 134 116 79 769 565 204 489 469 459 386
is_linear=0
shrinkage=0.03


Tree=163
num_leaves=15
num_cat=0
split_feature=91 84 82 69 28 72 78 73 72 76 18 23 71 62
split_gain=0.0246337 0.012875 0.0120584 0.0231082 0.014371 0.0188814 0.0160151 0.0116555 0.0118716 0.0123095 0.0109414 0.0136802 0.0133924 0.0195721
threshold=0.1908460776954706 1.2232756797464674 0.27641409090060842 3.5172952447812791 13.790416666666669 76.451666666666682 1.1741854820970345 8.1264025885997597 104.81833333333334 6.2811104541290801 0.22267270318892138 13.730000000000002 1.0386635580725596 0.042075824447379291
decision_type=2 2 2 2 2 2 2 2 2 2 2 2 2 2
left_child=1 2 3 7 -5 6 -6 8 9 10 11 -1 -13 -14
right_child=-2 -3 -4 4 5 -7 -8 -9 -10 -11 -12 12 13 -15
leaf_value=0.00014482027533763769 0.0013522012258181349 0.00089010272740519471 -0.0002176699466386794 0.0012630152199417351 0.00053230525692924855 0.00053647872799990218 -0.00074445051455768402 -0.00079336304528017832 -0.0010476223267614842 0.00098907091273841533 0.00045409124798891022 0.00042260089142447604 -0.0010808692692912049 -0.0001420102226022548
leaf_weight=220 11.999999999999998 13.999999999999998 233 14.999999999999998 13.999999999999998 81 24 18 9.9999999999999982 10.999999999999998 41 35 21 413
leaf_count=220 12 14 233 15 14 81 24 18 10 11 41 35 21 413
internal_value=1.29709e-13 -1.41099e-05 -2.52534e-05 2.43956e-05 0.000387951 0.000277649 -0.000274067 -3.89548e-05 -2.08731e-05 -7.01682e-06 -2.20264e-05 -5.03585e-05 -0.000141914 -0.000187439
internal_weight=1162 1150 1136 903 134 119 38 769 751 741 730 689 469 434
internal_count=1162 1150 1136 903 134 119 38 769 751 741 730 689 469 434
is_linear=0
shrinkage=0.03


Tree=164
num_leaves=15
num_cat=0
split_feature=67 47 28 27 26 38 18 16 73 12 78 62 44 15
split_gain=0.0237946 0.0113138 0.0169047 0.0129566 0.0112857 0.0157722 0.0102849 0.00966692 0.0104198 0.0157594 0.0108744 0.0229054 0.031996 0.0204705
threshold=116.28000000000002 0.13950799954264567 14.589166666666669 4.9402641314267521 26.182500000000005 0.091260973601075004 0.048554863647601788 0.032513733361886683 7.6447465054607857 1.9850000000000001 2.0166328969318252 0.07929614611011479 2.0650000000000004 2.6950000000000007
decision_type=2 2 2 2 2 2 2 2 2 2 2 2 2 2
left_child=1 7 -3 4 6 -6 -4 -1 10 -10 13 12 -12 -9
right_child=-2 2 3 -5 5 -7 -8 8 9 -11 11 -13 -14 -15
leaf_value=-0.00028613860084643133 0.00108226525131613 0.0013887901338748632 -0.00063519131678801315 0.00068568615302924186 -0.0014498971682041883 -7.9713285498831784e-05 0.00025796892071310945 -0.00032200356748634997 -0.0013682143157348037 -0.00015988495070761179 0.0018410658545326441 -0.00014096888356367285 0.00024453624107538953 0.00012560105449908101
leaf_weight=145 18 9.9999999999999982 12.999999999999998 31 9.9999999999999982 31 108 188 11.999999999999998 51 11.999999999999998 160 193 180
leaf_count=145 18 10 13 31 10 31 108 188 12 51 12 160 193 180
internal_value=4.5536e-13 -1.70286e-05 0.000186095 0.000123779 1.62535e-05 -0.000413904 0.00016201 -6.08481e-05 -1.98089e-05 -0.000390043 1.2012e-05 0.000128036 0.000337992 -0.000103067
internal_weight=1162 1144 203 193 162 41 121 941 796 63 733 365 205 368
internal_count=1162 1144 203 193 162 41 121 941 796 63 733 365 205 368
is_linear=0
shrinkage=0.03


Tree=165
num_leaves=15
num_cat=0
split_feature=92 72 13 95 95 26 77 77 83 25 38 47 45 85
split_gain=0.0226025 0.0212028 0.013497 0.0142298 0.0120735 0.01633 0.0261218 0.0174657 0.0170697 0.0154754 0.0159729 0.0180823 0.0136131 0.0141949
threshold=0.81756250000000008 100.48916666666668 3.3587500000000001 0.1810767207815121 0.063742014048909557 21.992500000000003 6.365889460158626 8.3471637492536637 1.2905862926417166 2.360052094565571 0.058056314515787057 0.11165422816282032 3.5750000000000006 -0.47749999999999992
decision_type=2 2 2 2 2 2 2 2 2 2 2 2 2 2
left_child=2 -2 4 -4 5 6 9 8 -7 -1 11 -11 13 -6
right_child=1 -3 3 -5 12 7 -8 -9 -10 10 -12 -13 -14 -15
leaf_value=-8.4016486367244212e-05 0.0003139611261653236 0.0018665151614695786 -0.00024982472237966514 -0.0015372065717820078 0.00088500315431571958 5.1285098221948527e-05 0.0012400455316528677 0.00067318719525176745 -0.00074008066095290824 0.00040901568590197713 4.3052746452303838e-05 0.0018820650042034683 0.00052285283368531195 -0.0001411163057091871
leaf_weight=628 38 9.9999999999999982 34 9.9999999999999982 13.999999999999998 36 14.999999999999998 12.999999999999998 77 30 80 9.9999999999999982 76 91
leaf_count=628 38 10 34 10 14 36 15 13 77 30 80 10 76 91
internal_value=-1.00217e-13 0.00063741 -2.74647e-05 -0.000542412 -6.28932e-06 -5.17602e-05 4.89738e-07 -0.000368163 -0.000487964 -2.43677e-05 0.000287795 0.000777278 0.000217046 -4.30038e-06
internal_weight=1162 48 1114 44 1070 889 763 126 113 748 120 40 181 105
internal_count=1162 48 1114 44 1070 889 763 126 113 748 120 40 181 105
is_linear=0
shrinkage=0.03


Tree=166
num_leaves=15
num_cat=0
split_feature=0 35 71 65 49 82 40 59 94 37 77 51 82 28
split_gain=0.0216034 0.0119549 0.0103312 0.00979556 0.0236468 0.0181622 0.0294822 0.0174798 0.023163 0.0153699 0.0143623 0.0193225 0.0152686 0.0154433
threshold=1.7180000000000002 1.8587500000000001 0.92561480047143485 58.355000000000011 0.099888325607700598 0.20482363769046716 0.077564550490713827 6.3125000000000009 -0.56695833333333323 0.20375000000000004 1.894262350130649 0.066966092396551338 0.085654098630489992 27.355416666666667
decision_type=2 2 2 2 2 2 2 2 2 2 2 2 2 2
left_child=2 -2 -1 9 7 6 -6 8 -5 -4 -11 -12 -13 -14
right_child=1 -3 3 4 5 -7 -8 -9 -10 10 11 12 13 -15
leaf_value=0.00058276976770721379 0.0016548745133914047 0.00036116396183691297 -0.00068375102563782836 0.00027620033753919412 0.00091770516504766423 -5.1610482730052711e-05 0.00015292552302848743 -0.00056323272528788942 -0.00045387664180121978 7.6248297221853485e-05 0.00082123504396384723 -0.0010789559554541482 -0.00010855930239395584 -0.00094780783896567303
leaf_weight=25 10.000000000000002 18 43 96 60 189 186 80 66 217 12.999999999999998 24 111 24
leaf_count=25 10 18 43 96 60 189 186 80 66 217 13 24 111 24
internal_value=8.14225e-13 0.000823203 -2.0326e-05 -3.39215e-05 3.73011e-05 0.000169545 0.000339457 -0.00020041 -2.12384e-05 -0.000145537 -8.60424e-05 -0.000290793 -0.000381713 -0.000257759
internal_weight=1162 28 1134 1109 677 435 246 242 162 432 389 172 159 135
internal_count=1162 28 1134 1109 677 435 246 242 162 432 389 172 159 135
is_linear=0
shrinkage=0.03


Tree=167
num_leaves=15
num_cat=0
split_feature=67 47 18 87 71 94 88 26 78 91 28 47 32 37
split_gain=0.0208368 0.0103887 0.0094801 0.0127847 0.0167024 0.0148491 0.0131203 0.0112875 0.0106593 0.0180426 0.0127398 0.0279948 0.0179551 0.0159099
threshold=116.28000000000002 0.27164565476539831 0.5289257548573435 -0.11649999999999999 4.9096160529531945 -0.17587499999999998 0.8005000000000001 23.214375000000004 6.0964315642175757 0.023793367883437458 13.816666666666668 0.13371299294328812 2.5550000000000002 2.1850000000000005
decision_type=2 2 2 2 2 2 2 2 2 2 2 2 2 2
left_child=1 2 3 5 7 8 -6 -5 10 -10 11 -1 13 -12
right_child=-2 -3 -4 4 6 -7 -8 -9 9 -11 12 -13 -14 -15
leaf_value=6.1807253628048996e-05 0.0010127699716637531 0.00074313709003035909 -0.00067403576761716983 0.0015145439151674509 -0.00065265164356273801 -0.00065503962174989273 0.00048779800347983839 0.0004217940620774722 0.00089114540011686237 -0.0002208540057108621 -9.2435997481741118e-05 0.0016080487371337682 0.00040838803118534102 -0.00048490972671931119
leaf_weight=251 18 15.999999999999998 20 9.9999999999999982 23 35 14.999999999999998 57 29 24 485 10.999999999999998 53 115
leaf_count=251 18 16 20 10 23 35 15 57 29 24 485 11 53 115
internal_value=-6.07499e-13 -1.59352e-05 -2.67022e-05 -1.50175e-05 0.00029994 -4.79891e-05 -0.000202474 0.000584891 -2.60399e-05 0.000387598 -4.99993e-05 0.000126726 -0.000120906 -0.00016766
internal_weight=1162 1144 1128 1108 105 1003 38 67 968 53 915 262 653 600
internal_count=1162 1144 1128 1108 105 1003 38 67 968 53 915 262 653 600
is_linear=0
shrinkage=0.03


Tree=168
num_leaves=15
num_cat=0
split_feature=91 84 82 69 28 72 78 73 72 76 28 71 92 74
split_gain=0.0199315 0.0109045 0.0105081 0.0197269 0.0132385 0.0165123 0.0139722 0.0103677 0.0106251 0.0102665 0.00995144 0.0106782 0.0111136 0.00967428
threshold=0.1908460776954706 1.2232756797464674 0.27641409090060842 3.5172952447812791 13.790416666666669 76.451666666666682 1.1741854820970345 8.1264025885997597 104.81833333333334 6.2811104541290801 11.620416666666667 6.9476362271431169 -0.16437499999999997 1.0819156556981404
decision_type=2 2 2 2 2 2 2 2 2 2 2 2 2 2
left_child=1 2 3 7 -5 6 -6 8 9 13 -4 -12 -13 -1
right_child=-2 -3 10 4 5 -7 -8 -9 -10 -11 11 12 -14 -15
leaf_value=0.00027255390972519912 0.0012163159317606187 0.00081945403745131836 -0.0010833471573211931 0.0011991847828030588 0.00049068246870384818 0.00049548702456781422 -0.00070186366603593338 -0.00074664381332695479 -0.00098943314887583252 0.00090470903976397072 -7.3539833226516892e-05 -0.00020345877296916258 -0.0013418080962191406 -5.9631746966033459e-05
leaf_weight=90 11.999999999999998 13.999999999999998 10.999999999999998 14.999999999999998 13.999999999999998 81 24 18 9.9999999999999982 10.999999999999998 190 19 12.999999999999998 640
leaf_count=90 12 14 11 15 14 81 24 18 10 11 190 19 13 640
internal_value=-7.23401e-13 -1.2692e-05 -2.29473e-05 2.34003e-05 0.000359306 0.000253439 -0.000262505 -3.51321e-05 -1.80786e-05 -4.96986e-06 -0.000202569 -0.000158927 -0.000665913 -1.86774e-05
internal_weight=1162 1150 1136 903 134 119 38 769 751 741 233 222 32 730
internal_count=1162 1150 1136 903 134 119 38 769 751 741 233 222 32 730
is_linear=0
shrinkage=0.03


Tree=169
num_leaves=15
num_cat=0
split_feature=67 49 51 44 14 29 71 16 73 41 39 33 1 62
split_gain=0.0192493 0.00967756 0.0178758 0.0247428 0.0192723 0.014021 0.0109374 0.0121457 0.0156606 0.0154413 0.0120752 0.0220863 0.0197371 0.0131058
threshold=116.28000000000002 0.12894488220065364 0.12736696744614937 2.8850000000000002 0.012583057393317354 4.6618160059649254 0.92561480047143485 0.032513733361886683 1.8932738779048959 4.6350000000000007 0.21833333333333335 0.24500000000000002 1.6850000000000003 0.042075824447379291
decision_type=2 2 2 2 2 2 2 2 2 2 2 2 2 2
left_child=1 6 3 -3 -4 -6 -1 8 -8 10 -9 -12 -13 -14
right_child=-2 2 4 -5 5 -7 7 9 -10 -11 11 12 13 -15
leaf_value=0.00089912325725890693 0.00097342385134349273 0.0016429501604288811 0.0012864344660192728 -0.00028355441358871757 -7.5339143257826993e-05 0.00035291379737137851 -0.00135229236446321 -0.00050080401661100704 -0.00025278150722635829 0.00057946159352093886 0.0011427291133739865 0.0011881366109644824 -0.0011208965493874116 -7.2251693676400727e-05
leaf_weight=9.9999999999999982 18 15.000000000000002 10.999999999999998 9.9999999999999982 329 87 12.999999999999998 55 113 34 13.999999999999998 10.999999999999998 10.999999999999998 431
leaf_count=10 18 15 11 10 329 87 13 55 113 34 14 11 11 431
internal_value=1.75093e-12 -1.53161e-05 9.26469e-05 0.000872348 4.6997e-05 1.42234e-05 -8.58353e-05 -0.000100278 -0.000366223 -4.00093e-05 -8.0358e-05 -3.08408e-05 -6.711e-05 -9.83492e-05
internal_weight=1162 1144 452 25 427 416 692 682 126 556 522 467 453 442
internal_count=1162 1144 452 25 427 416 692 682 126 556 522 467 453 442
is_linear=0
shrinkage=0.03


Tree=170
num_leaves=15
num_cat=0
split_feature=0 35 64 18 45 60 4 73 40 81 2 74 82 19
split_gain=0.0182038 0.0107985 0.00941976 0.0102603 0.0169633 0.0147791 0.0207113 0.0147302 0.0133737 0.0425825 0.0110373 0.01372 0.0203311 0.0159644
threshold=1.7180000000000002 1.8587500000000001 24.595000000000002 0.058487870315493039 4.955000000000001 0.046291004988721594 4.9350000000000014 1.9478099915938294 0.048586068585619625 2.3795043461537131 12.135000000000003 3.4346751958460158 0.27641409090060842 24.775000000000002
decision_type=2 2 2 2 2 2 2 2 2 2 2 2 2 2
left_child=2 -2 -1 5 8 7 -7 -4 9 -5 -10 -12 13 -13
right_child=1 -3 3 4 -6 6 -8 -9 10 -11 11 12 -14 -15
leaf_value=-0.00064812453210054497 0.001546085398178547 0.00031653420966904373 -0.001368789354339242 0.0001196963009641553 0.00085536015958970646 -0.000106892380216741 0.0010788572666102221 -0.00030609773082283532 0.00037715809742553568 0.0022367677967995402 -0.00013657148369901695 0.00078199564963334089 -0.00020866451555327193 3.515583548776587e-05
leaf_weight=21 10.000000000000002 18 14.999999999999998 59 23 250 13.999999999999998 54 60 9.9999999999999982 451 57 73 47
leaf_count=21 10 18 15 59 23 250 14 54 60 10 451 57 73 47
internal_value=2.02159e-13 0.00075566 -1.86583e-05 -6.78154e-06 5.27338e-05 -0.000146187 -4.40117e-05 -0.000537118 2.83475e-05 0.000426518 -1.15853e-05 -4.87264e-05 0.000175105 0.000444482
internal_weight=1162 28 1134 1113 780 333 264 69 757 69 688 628 177 104
internal_count=1162 28 1134 1113 780 333 264 69 757 69 688 628 177 104
is_linear=0
shrinkage=0.03


Tree=171
num_leaves=15
num_cat=0
split_feature=67 47 18 87 71 94 88 26 25 9 21 17 78 40
split_gain=0.0174031 0.00900918 0.0087092 0.0110607 0.0155061 0.0137212 0.0112605 0.0106132 0.00907353 0.0133488 0.0146202 0.0158979 0.0138402 0.0124065
threshold=116.28000000000002 0.27164565476539831 0.5289257548573435 -0.11649999999999999 4.9096160529531945 -0.13762499999999997 0.8005000000000001 23.214375000000004 2.6567149689377625 3.2350000000000008 27.300000000000001 3.1395833333333338 5.1985923415516009 0.051075255720195424
decision_type=2 2 2 2 2 2 2 2 2 2 2 2 2 2
left_child=1 2 3 5 7 8 -6 -5 9 10 11 12 -1 -10
right_child=-2 -3 -4 4 6 -7 -8 -9 13 -11 -12 -13 -14 -15
leaf_value=-7.9413079273384996e-05 0.00092556799296289677 0.00069231643152306782 -0.00064504528959514573 0.0014555755835026502 -0.0006215740882022225 -0.00084258116793965818 0.00043495550658553838 0.00039596986100629071 0.0010262025964246798 -0.00059777892842071084 -0.00077115159889217465 0.00066974220626309089 0.00048178972119265902 9.3926975846093583e-05
leaf_weight=678 18 15.999999999999998 20 9.9999999999999982 23 19 14.999999999999998 57 13.999999999999998 41 24 29 42 156
leaf_count=678 18 16 20 10 23 19 15 57 14 41 24 29 42 156
internal_value=-4.72436e-14 -1.45631e-05 -2.45898e-05 -1.33902e-05 0.000279563 -4.40584e-05 -0.000204523 0.00055412 -2.86397e-05 -7.02714e-05 -4.22924e-05 -1.89378e-05 -4.66762e-05 0.000170703
internal_weight=1162 1144 1128 1108 105 1003 38 67 984 814 773 749 720 170
internal_count=1162 1144 1128 1108 105 1003 38 67 984 814 773 749 720 170
is_linear=0
shrinkage=0.03


Tree=172
num_leaves=15
num_cat=0
split_feature=91 47 40 66 36 18 5 67 61 73 7 73 39 59
split_gain=0.0169514 0.00967904 0.0180834 0.0122305 0.011196 0.0109866 0.0100498 0.020427 0.0173157 0.014995 0.0133442 0.0145055 0.0227407 0.0292051
threshold=0.1908460776954706 0.096393291605837275 0.051691024021593451 21.850000000000005 0.037749172176360118 0.036092233024925265 5.9500000000000011 89.13000000000001 8.7791666666666686 6.4678120385367572 1.3518202453517871 2.6118186916912074 0.21208333333333337 3.7812500000000004
decision_type=2 2 2 2 2 2 2 2 2 2 2 2 2 2
left_child=1 6 4 -4 -3 -5 7 9 -8 10 -1 12 -12 -14
right_child=-2 2 3 5 -6 -7 8 -9 -10 -11 11 -13 13 -15
leaf_value=0.00040091193459315422 0.0011217054825101512 0.0003242282188661834 -0.00089868230381398454 -0.0007860663303962121 0.0015210670314263551 9.9781804327305022e-05 -0.00043285125496913678 0.00086774629621726022 0.00013313449344423133 -0.00081274902236393902 -0.0010322575716418213 5.7330031013867779e-05 0.0014276949092745781 -0.00029311232931843423
leaf_weight=61 11.999999999999998 17.000000000000004 11.999999999999998 12.999999999999998 11.999999999999998 410 150 23 72 22 32 237 9.9999999999999982 79
leaf_count=61 12 17 12 13 12 410 150 23 72 22 32 237 10 79
internal_value=-4.56657e-13 -1.17048e-05 9.41211e-05 4.57643e-05 0.000819472 7.25572e-05 -8.32837e-05 -3.85913e-06 -0.000249288 -4.9317e-05 -9.23227e-06 -7.91172e-05 -0.000346373 -9.97632e-05
internal_weight=1162 1150 464 435 29 423 686 464 222 441 419 358 121 89
internal_count=1162 1150 464 435 29 423 686 464 222 441 419 358 121 89
is_linear=0
shrinkage=0.03


Tree=173
num_leaves=15
num_cat=0
split_feature=67 71 49 70 12 76 70 4 50 40 50 64 1 18
split_gain=0.0159638 0.00905494 0.00907569 0.017394 0.0170511 0.0185277 0.0163322 0.0161269 0.0168248 0.0222501 0.0178506 0.0134804 0.0162694 0.0145109
threshold=116.28000000000002 0.92561480047143485 0.099888325607700598 55.883125000000007 2.8050000000000002 2.211418617262451 24.128750000000004 4.9350000000000014 2.5458333333333338 0.12853338099862094 2.8608333333333342 76.625000000000014 2.8350000000000004 0.058487870315493039
decision_type=2 2 2 2 2 2 2 2 2 2 2 2 2 2
left_child=1 -1 11 4 -4 6 -6 8 9 -5 -10 13 -13 -3
right_child=-2 2 3 7 5 -7 -8 -9 10 -11 -12 12 -14 -15
leaf_value=0.00055072385645471512 0.00088646696570018923 -0.00028590956996140445 -0.00039210636220798878 0.00079720156348776067 -0.00064785726145990858 -0.00073723423735875832 0.00046719142545235194 0.0011536714760586619 -0.00054277940301487794 -1.8683957543024527e-05 9.708038552662912e-05 -0.00013508133235683832 -0.0008959942513213652 0.0001256097679940945
leaf_weight=25 18 128 133 65 13.999999999999998 19 76 13.999999999999998 46 56 267 66 41 194
leaf_count=25 18 128 133 65 14 19 76 14 46 56 267 66 41 194
internal_value=5.56404e-13 -1.39479e-05 -2.65635e-05 4.0804e-05 -0.000164137 0.000114028 0.000293739 0.000151509 0.000119181 0.000419602 3.04348e-06 -0.000134917 -0.000426646 -3.79756e-05
internal_weight=1162 1144 1119 690 242 109 90 448 434 121 313 429 107 322
internal_count=1162 1144 1119 690 242 109 90 448 434 121 313 429 107 322
is_linear=0
shrinkage=0.03


Tree=174
num_leaves=15
num_cat=0
split_feature=91 84 82 69 4 24 72 73 72 88 88 76 28 38
split_gain=0.0155372 0.00930515 0.00933867 0.0163612 0.0127464 0.0214928 0.0157913 0.0094295 0.00936219 0.00912708 0.0113909 0.00885156 0.00857212 0.00846134
threshold=0.1908460776954706 1.2232756797464674 0.27641409090060842 3.5172952447812791 2.4950000000000006 15.668750000000001 100.48916666666668 8.1264025885997597 104.81833333333334 0.55550000000000022 0.18750000000000003 6.2811104541290801 11.620416666666667 0.074833147735504341
decision_type=2 2 2 2 2 2 2 2 2 2 2 2 2 2
left_child=1 2 3 7 5 -5 13 8 11 10 12 -1 -4 -6
right_child=-2 -3 9 4 6 -7 -8 -9 -10 -11 -12 -13 -14 -15
leaf_value=-1.445171013464248e-05 0.0010738965120981447 0.00075749807259333976 -0.0010116940465840427 0.0018930775096470656 -0.00066077019955264403 0.00036748496413244592 0.00069566489373943925 -0.00070884929349025088 -0.00092582797072827819 -0.00093263283238879274 0.00071873510507150333 0.00084294620393352069 -0.00015092735980243351 9.4968209741637106e-05
leaf_weight=730 11.999999999999998 13.999999999999998 10.999999999999998 10.999999999999998 20 34 29 18 9.9999999999999982 13.999999999999998 12.999999999999998 10.999999999999998 195 40
leaf_count=730 12 14 11 11 20 34 29 18 10 14 13 11 195 40
internal_value=-1.06831e-12 -1.12059e-05 -2.06793e-05 2.30133e-05 0.000328925 0.000740408 0.000120872 -3.02925e-05 -1.40288e-05 -0.000190012 -0.000142538 -1.72381e-06 -0.000196891 -0.000156945
internal_weight=1162 1150 1136 903 134 45 89 769 751 233 219 741 206 60
internal_count=1162 1150 1136 903 134 45 89 769 751 233 219 741 206 60
is_linear=0
shrinkage=0.03


Tree=175
num_leaves=15
num_cat=0
split_feature=0 60 71 39 35 11 40 13 86 23 54 72 81 81
split_gain=0.0147175 0.0099267 0.00864665 0.00772816 0.0194804 0.0162223 0.0155454 0.0141647 0.0105321 0.0318399 0.0164623 0.015592 0.0125933 0.0281403
threshold=1.7180000000000002 0.21526072145280337 0.92561480047143485 2.4933333333333336 2.2012500000000004 2.3150000000000004 0.21365373803818358 2.6687500000000006 -0.60549999999999982 13.355000000000002 4.1500000000000012 29.23 2.3210416543465691 2.7078775239006068
decision_type=2 2 2 2 2 2 2 2 2 2 2 2 2 2
left_child=2 -2 -1 4 8 -6 -7 -5 9 10 -4 -11 -10 -14
right_child=1 -3 3 7 5 6 -8 -9 12 11 -12 -13 13 -15
leaf_value=0.00053496324357111007 0.0014373045971151435 0.00025843310868367553 0.0018947220090776682 -8.1821139913755564e-05 0.0007072094658559018 -0.00063207785201087156 0.00037303972443623933 0.00070837185315654743 -0.00018599559711162617 0.001084993134252727 0.00055425788318005172 -0.0001457205923118939 0.00062782796856481577 -5.786094182499115e-05
leaf_weight=25 10.000000000000002 18 9.9999999999999982 49 10.999999999999998 103 15.999999999999998 35 343 9.9999999999999982 47 126 66 293
leaf_count=25 10 18 10 49 11 103 16 35 343 10 47 126 66 293
internal_value=3.89373e-13 0.000679459 -1.67768e-05 -2.92145e-05 -5.18856e-05 -0.000395047 -0.000496936 0.000247426 -2.04092e-06 0.00019423 0.000789427 -5.52269e-05 -5.60016e-05 6.81989e-05
internal_weight=1162 28 1134 1109 1025 130 119 84 895 193 57 136 702 359
internal_count=1162 28 1134 1109 1025 130 119 84 895 193 57 136 702 359
is_linear=0
shrinkage=0.03


Tree=176
num_leaves=15
num_cat=0
split_feature=67 71 72 4 76 16 46 27 15 5 40 39 61 35
split_gain=0.0141466 0.00815333 0.0106813 0.0105402 0.0216592 0.0132193 0.0115496 0.0102695 0.0101501 0.0239642 0.0220628 0.013039 0.0117701 0.0191906
threshold=116.28000000000002 1.0386635580725596 22.190000000000005 4.785000000000001 3.6122670970642039 0.032015572601305407 4.0762500000000008 0.58302316780378016 2.0425000000000004 3.6500000000000008 0.089143652990460884 0.86625000000000008 5.0750000000000011 1.4687500000000002
decision_type=2 2 2 2 2 2 2 2 2 2 2 2 2 2
left_child=1 -1 -3 5 -5 6 -4 -7 9 10 -9 -10 -13 -14
right_child=-2 2 3 4 -6 7 -8 8 11 -11 -12 12 13 -15
leaf_value=0.00040762590299709702 0.00083449084156503284 -0.0010043916811700909 -0.0001209680521679803 0.00079468239667077891 -0.00042500914935953912 -0.00075702748343246633 -0.00074866018015976488 0.0020535161637235426 -0.00028444710943858808 6.7464034083610584e-05 0.00032922845840563668 0.00034363099357317972 -0.00051841200740454952 4.3880240942555011e-05
leaf_weight=40 18 9.9999999999999982 74 38 20 15.999999999999998 41 11.000000000000002 160 193 17 87 64 373
leaf_count=40 18 10 74 38 20 16 41 11 160 193 17 87 64 373
internal_value=5.25973e-14 -1.31301e-05 -2.83749e-05 -1.94533e-05 0.000374099 -4.14862e-05 -0.000344754 -3.61889e-06 9.70104e-06 0.000186453 0.00100663 -4.74074e-05 2.49711e-05 -3.84692e-05
internal_weight=1162 1144 1104 1094 58 1036 115 921 905 221 28 684 524 437
internal_count=1162 1144 1104 1094 58 1036 115 921 905 221 28 684 524 437
is_linear=0
shrinkage=0.03


Tree=177
num_leaves=15
num_cat=0
split_feature=92 6 13 95 95 26 77 15 62 67 74 8 77 94
split_gain=0.0136389 0.013667 0.0108033 0.0101404 0.00989156 0.0137193 0.0201414 0.0133173 0.0184362 0.0161161 0.021439 0.0135041 0.0134939 0.0152844
threshold=0.8688125000000001 69.090000000000018 3.3587500000000001 0.1810767207815121 0.063742014048909557 21.992500000000003 6.365889460158626 2.6925000000000003 0.045226701686240274 56.855000000000004 2.2683161526133593 2.8750000000000004 1.5437270543827488 -0.57070833333333326
decision_type=2 2 2 2 2 2 2 2 2 2 2 2 2 2
left_child=2 -2 4 -4 5 6 7 12 -9 -10 11 -11 -1 -14
right_child=1 -3 3 -5 -6 -7 -8 8 9 10 -12 -13 13 -15
leaf_value=-0.00046668340131873266 0.00023134343213100422 0.0014930116723990067 -0.00020596185791552722 -0.0012203360762214287 0.00019978260424858356 -0.00033242759617721837 0.0010939258309081198 -0.00090209643763955677 0.00066341997196797079 0.00015910790106069973 0.0013290754985064268 -0.00071402844549156726 0.00011109502041269713 -0.00021878202464543155
leaf_weight=72 34 9.9999999999999982 34 11.999999999999998 183 126 14.999999999999998 11.999999999999998 67 44 9.9999999999999982 25 299 219
leaf_count=72 34 10 34 12 183 126 15 12 67 44 10 25 299 219
internal_value=-4.8953e-13 0.000518086 -2.03898e-05 -0.000470581 -1.07188e-06 -4.24176e-05 5.47392e-06 -1.63533e-05 0.000228258 0.000321164 3.08961e-05 -0.000157246 -8.18594e-05 -2.83704e-05
internal_weight=1162 44 1118 46 1072 889 763 748 158 146 79 69 590 518
internal_count=1162 44 1118 46 1072 889 763 748 158 146 79 69 590 518
is_linear=0
shrinkage=0.03


Tree=178
num_leaves=15
num_cat=0
split_feature=0 35 71 72 4 72 16 46 21 78 78 63 29 4
split_gain=0.0131058 0.00946193 0.00771082 0.00965573 0.00998584 0.0203463 0.0120121 0.0107971 0.00966864 0.0177579 0.0224747 0.0218941 0.0181137 0.0149787
threshold=1.7180000000000002 1.8587500000000001 1.0386635580725596 22.190000000000005 4.785000000000001 69.775416666666686 0.032015572601305407 4.0762500000000008 24.250000000000004 2.0166328969318252 2.1085942840980314 74.25500000000001 3.1509402080926283 2.3950000000000005
decision_type=2 2 2 2 2 2 2 2 2 2 2 2 2 2
left_child=2 -2 -1 -4 6 -6 7 -5 9 12 13 -12 -8 -11
right_child=1 -3 3 4 5 -7 8 -9 -10 10 11 -13 -14 -15
leaf_value=0.00039328194821428041 0.0013810675623826677 0.00023012451866331199 -0.00095872963528381651 -0.00011642037553502707 0.00069260021361663157 -0.00059061247389763588 -0.00025398905092157922 -0.00072331749521786478 -0.0001922741338211239 0.0018948928505997174 -9.976989525715068e-05 0.00037877193395923007 0.00024535811267560343 0.00051294310018420216
leaf_weight=40 10.000000000000002 18 9.9999999999999982 74 43 14.999999999999998 239 41 199 9.9999999999999982 195 154 90 24
leaf_count=40 10 18 10 74 43 15 239 41 199 10 195 154 90 24
internal_value=8.8138e-13 0.000641176 -1.58315e-05 -3.07899e-05 -2.22296e-05 0.000360735 -4.38787e-05 -0.000332792 -7.40768e-06 4.42615e-05 0.000183121 0.000111392 -0.00011739 0.000919399
internal_weight=1162 28 1134 1094 1084 58 1026 115 911 712 383 349 329 34
internal_count=1162 28 1134 1094 1084 58 1026 115 911 712 383 349 329 34
is_linear=0
shrinkage=0.03


Tree=179
num_leaves=15
num_cat=0
split_feature=91 84 82 69 41 5 72 28 18 40 0 26 85 1
split_gain=0.0125634 0.00823108 0.0079931 0.0144087 0.0115981 0.0204399 0.0142239 0.00874393 0.0115103 0.010889 0.0106525 0.0105379 0.010233 0.0123639
threshold=0.1908460776954706 1.2232756797464674 0.27641409090060842 3.5172952447812791 2.7050000000000005 4.3500000000000005 100.48916666666668 13.816666666666668 0.048554863647601788 0.057174614864088098 -0.44449999999999995 14.695625000000001 -0.41149999999999992 1.6950000000000001
decision_type=2 2 2 2 2 2 2 2 2 2 2 2 2 2
left_child=1 2 3 7 5 -5 -6 12 10 -10 -9 -11 13 -1
right_child=-2 -3 -4 4 6 -7 -8 8 9 11 -12 -13 -14 -15
leaf_value=0.00056874017739821936 0.00096567359694745393 0.0007129028891878469 -0.00017564563284145444 0.0018806628556922078 -0.00019047920448197561 0.00036796089795577085 0.00064015457190440164 -0.00057109391454353254 0.00028651540429195787 -0.00049286679862800737 0.00047961143235443157 -3.9532179367643419e-05 -0.00079608965339139106 3.7353906553094576e-05
leaf_weight=55 11.999999999999998 13.999999999999998 233 9.9999999999999982 55 41 28 66 79 53 9.9999999999999982 357 9.9999999999999982 139
leaf_count=55 12 14 233 10 55 41 28 66 79 53 10 357 10 139
internal_value=-7.96097e-13 -1.00766e-05 -1.89866e-05 2.1436e-05 0.000308515 0.000664569 8.97346e-05 -2.85882e-05 -8.9374e-05 -3.59923e-05 -0.000432843 -9.8134e-05 0.000139765 0.000188005
internal_weight=1162 1150 1136 903 134 51 83 769 565 489 76 410 204 194
internal_count=1162 1150 1136 903 134 51 83 769 565 489 76 410 204 194
is_linear=0
shrinkage=0.03


Tree=180
num_leaves=15
num_cat=0
split_feature=67 71 49 65 14 63 12 83 64 1 18 73 89 29
split_gain=0.0120748 0.00725333 0.00771025 0.015437 0.0139675 0.0144018 0.0131858 0.0159661 0.0122102 0.0148929 0.0121654 0.0149881 0.0140104 0.0131368
threshold=116.28000000000002 0.92561480047143485 0.099888325607700598 57.715000000000011 0.012583057392317671 54.405000000000008 2.8050000000000002 2.7284061136083486 76.625000000000014 2.8350000000000004 0.058487870315493039 3.0321461054196424 -0.67449999999999999 0.88782449134390695
decision_type=2 2 2 2 2 2 2 2 2 2 2 2 2 2
left_child=1 -1 8 6 -5 -6 -4 -8 10 -10 11 -3 -12 -14
right_child=-2 2 3 4 5 -7 7 -9 9 -11 12 -13 13 -15
leaf_value=0.0004932541444361959 0.00077096506177137293 -0.00053982394716687644 -0.00033131083406446194 0.001116774442534034 0.0012431075661443174 9.0782402433662199e-05 0.00021507869629906303 -0.0010415915488265453 -0.0001219782255859834 -0.0008499920153536084 0.0010329031152650713 0.00011595379448474638 0.00096622864644114776 -2.3855706357918568e-05
leaf_weight=25 18 73 147 12.999999999999998 9.9999999999999982 409 101 9.9999999999999982 66 41 13.999999999999998 55 12.999999999999998 167
leaf_count=25 18 73 147 13 10 409 101 10 66 41 14 55 13 167
internal_value=-8.14125e-13 -1.21306e-05 -2.34216e-05 3.86717e-05 0.000148331 0.000118284 -0.000144944 0.000101865 -0.000123292 -0.000400937 -3.1031e-05 -0.000258044 0.000118751 4.76504e-05
internal_weight=1162 1144 1119 690 432 419 258 111 429 107 322 128 194 180
internal_count=1162 1144 1119 690 432 419 258 111 429 107 322 128 194 180
is_linear=0
shrinkage=0.03


Tree=181
num_leaves=15
num_cat=0
split_feature=92 72 9 91 15 15 61 40 59 64 77 73 40 12
split_gain=0.0115636 0.0145852 0.0101051 0.0119253 0.00895146 0.0161297 0.0146948 0.0186684 0.0198036 0.0132675 0.012912 0.0118192 0.0151026 0.012544
threshold=0.81756250000000008 100.48916666666668 3.2550000000000003 0.025473842793537645 2.6950000000000007 2.8256250000000001 5.0750000000000011 0.078836211164948933 5.7687500000000016 102.42000000000002 1.5437270543827488 2.3177229250183013 0.061518026336796781 2.7850000000000006
decision_type=2 2 2 2 2 2 2 2 2 2 2 2 2 2
left_child=2 -2 4 -4 10 -6 -7 -8 -9 -10 -1 12 -12 -13
right_child=1 -3 3 -5 5 6 7 8 9 -11 11 13 -14 -15
leaf_value=-0.00035661445861582511 0.00018765236900914091 0.0014753277897834778 -6.0087030514195143e-05 -0.00079094422319030849 0.0006387094386387616 0.000642828383424785 -0.00050929702211042712 -0.0005156531625834759 0.00021841859269929026 0.0013629740523174404 0.00018074595252983271 9.3126679299687412e-05 -0.00046701220949256343 -0.00098027272056788197
leaf_weight=105 38 9.9999999999999982 54 32 50 32 57 33 103 9.9999999999999982 50 486 92 9.9999999999999982
leaf_count=105 38 10 54 32 50 32 57 33 103 10 50 486 92 10
internal_value=-5.07752e-13 0.000455918 -1.96446e-05 -0.000332034 6.48915e-06 0.000149426 4.53229e-05 -4.88652e-05 0.000130892 0.000319707 -4.83385e-05 2.39657e-06 -0.000238928 7.14856e-05
internal_weight=1162 48 1114 86 1028 285 235 203 146 113 743 638 142 496
internal_count=1162 48 1114 86 1028 285 235 203 146 113 743 638 142 496
is_linear=0
shrinkage=0.03


Tree=182
num_leaves=15
num_cat=0
split_feature=66 34 39 61 50 29 1 74 81 74 84 73 69 62
split_gain=0.0110944 0.030962 0.00707695 0.0376736 0.016291 0.0139966 0.0108282 0.010754 0.0169004 0.0137576 0.0104929 0.0162409 0.0104426 0.0156667
threshold=112.45 1.4550000000000003 0.22125000000000003 3.6541666666666672 1.8362499999999999 3.4936948702095005 1.6850000000000003 3.4945765313598502 2.7963379685777281 3.6177287251112693 0.084293155653387852 2.5536712635186305 0.98817522373091904 0.038924947208097319
decision_type=2 2 2 2 2 2 2 2 2 2 2 2 2 2
left_child=2 -2 4 -4 -1 10 -5 8 12 -9 -6 -12 -8 -14
right_child=1 -3 3 6 5 -7 7 9 -10 -11 11 -13 13 -15
leaf_value=-0.0010546358892529763 0.0013801803927430331 -0.00072356456145644178 0.0016939355002250523 0.00072993404464796177 0.00087069629691541187 -0.00064126304222736515 0.00024453985075707969 0.0010611918368886109 -0.00048802023174593579 0.00012229306387472088 -0.00069458780304432427 8.3121437070327243e-05 -0.0007843308877020788 -2.96233560514002e-05
leaf_weight=17 17.000000000000004 9.9999999999999982 11.999999999999998 18 11.999999999999998 35 119 15.999999999999998 74 115 29 145 26 517
leaf_count=17 17 10 12 18 12 35 119 16 74 115 29 145 26 517
internal_value=-3.52026e-13 0.000601016 -1.42973e-05 2.42895e-05 -0.000159727 -9.08882e-05 1.65023e-06 -1.34699e-05 -5.8045e-05 0.000236968 1.2677e-05 -4.64968e-05 -9.98132e-06 -6.57604e-05
internal_weight=1162 27 1135 897 238 221 885 867 736 131 186 174 662 543
internal_count=1162 27 1135 897 238 221 885 867 736 131 186 174 662 543
is_linear=0
shrinkage=0.03


Tree=183
num_leaves=15
num_cat=0
split_feature=0 35 66 4 76 39 61 26 29 48 62 1 74 81
split_gain=0.0108537 0.00839435 0.00688383 0.00899625 0.0190061 0.0105207 0.0355994 0.0142746 0.0135444 0.0116227 0.0108677 0.010225 0.0107263 0.0171111
threshold=1.7180000000000002 1.8587500000000001 21.850000000000005 4.785000000000001 3.6122670970642039 0.22125000000000003 3.6291666666666673 13.385625000000003 3.4936948702095005 1.8506250000000002 0.066855792342333478 1.6850000000000003 3.4346751958460158 2.7963379685777281
decision_type=2 2 2 2 2 2 2 2 2 2 2 2 2 2
left_child=2 -2 -1 5 -5 7 -7 10 9 -9 -4 -8 13 -13
right_child=1 -3 3 4 -6 6 11 8 -10 -11 -12 12 -14 -15
leaf_value=-0.0005525132398387151 0.0012803939832374447 0.00019632360723335297 -0.0011659269207822426 0.00076561661456031973 -0.00038224524969700718 0.0018011712664738298 0.00070803602614129583 -0.00074975410494236994 -0.00060623609564572692 0.00020434696734865251 -0.00030266760522499681 -1.7491496343560188e-05 0.00021028414302911129 -0.00053315840763389132
leaf_weight=21 10.000000000000002 18 21 37 20 9.9999999999999982 18 12.999999999999998 32 99 35 609 155 64
leaf_count=21 10 18 21 37 20 10 18 13 32 99 35 609 155 64
internal_value=2.04002e-13 0.000583492 -1.44072e-05 -4.25426e-06 0.000362858 -2.407e-05 2.17009e-05 -0.000219969 -6.19167e-05 9.36031e-05 -0.00062639 6.6694e-07 -1.47106e-05 -6.65297e-05
internal_weight=1162 28 1134 1113 57 1056 856 200 144 112 56 846 828 673
internal_count=1162 28 1134 1113 57 1056 856 200 144 112 56 846 828 673
is_linear=0
shrinkage=0.03


Tree=184
num_leaves=15
num_cat=0
split_feature=92 6 13 95 95 26 77 15 62 67 74 8 77 81
split_gain=0.0102733 0.0115949 0.00972663 0.00905551 0.00855307 0.0119074 0.0177371 0.0112321 0.0154369 0.0139713 0.0181273 0.0117038 0.0110346 0.0132807
threshold=0.8688125000000001 69.090000000000018 3.3587500000000001 0.1810767207815121 0.063742014048909557 21.992500000000003 6.365889460158626 2.6925000000000003 0.045226701686240274 56.855000000000004 2.2683161526133593 2.8750000000000004 8.3471637492536637 1.3413742213947326
decision_type=2 2 2 2 2 2 2 2 2 2 2 2 2 2
left_child=2 -2 4 -4 5 6 7 -1 -9 -10 11 -11 13 -7
right_child=1 -3 3 -5 -6 12 -8 8 9 10 -12 -13 -14 -15
leaf_value=-7.3838259050239301e-05 0.00018552963471259263 0.0013476270066967117 -0.00019480210605680065 -0.001153378109447658 0.00018740521198077524 6.2901125654477518e-05 0.0010282275313511491 -0.00082336243707686657 0.00061464919585412295 0.00014722980852556331 0.0012194277439266444 -0.00066562649833504109 0.00051972298488880573 -0.00063014572424603297
leaf_weight=590 34 9.9999999999999982 34 11.999999999999998 183 37 14.999999999999998 11.999999999999998 67 44 9.9999999999999982 25 12.999999999999998 76
leaf_count=590 34 10 34 12 183 37 15 12 67 44 10 25 13 76
internal_value=1.28605e-12 0.000449643 -1.76961e-05 -0.000444865 6.33893e-07 -3.78128e-05 6.80434e-06 -1.36787e-05 0.000210968 0.000295981 2.57181e-05 -0.000147283 -0.000307995 -0.000403219
internal_weight=1162 44 1118 46 1072 889 763 748 158 146 79 69 126 113
internal_count=1162 44 1118 46 1072 889 763 748 158 146 79 69 126 113
is_linear=0
shrinkage=0.03


Tree=185
num_leaves=15
num_cat=0
split_feature=2 26 63 18 60 4 27 73 29 50 51 12 26 72
split_gain=0.00988378 0.00918532 0.00680029 0.0068949 0.0115731 0.0160594 0.0115683 0.0112307 0.0111733 0.0113765 0.0117497 0.00801948 0.0113199 0.0149376
threshold=38.750000000000007 34.209375000000009 24.595000000000002 0.058487870315493039 0.046291004988721594 4.9350000000000014 0.61370245802815715 1.9478099915938294 0.88782449134390695 4.5725000000000007 0.1579496648533236 1.885 16.620000000000005 99.06291666666668
decision_type=2 2 2 2 2 2 2 2 2 2 2 2 2 2
left_child=2 -2 -1 4 7 -6 -5 -4 -8 11 -11 -10 -13 -14
right_child=1 -3 3 6 5 -7 8 -9 9 10 -12 12 13 -15
leaf_value=-0.00059534616370607795 0.0011532958300085737 0.00017122753948206084 -0.0011937734158709646 -0.00081271436788873475 -8.6638320538780583e-05 0.00095760152908042073 0.00068125015916302792 -0.00026585976513969294 -0.00027403337704190223 0.0010662657522449367 7.6540039479732521e-05 0.00022992016746270979 -0.00011967921679018365 0.00040392132567879005
leaf_weight=18 11.999999999999998 30 14.999999999999998 13.999999999999998 249 13.999999999999998 25 54 81 19 25 198 351 57
leaf_count=18 12 30 15 14 249 14 25 54 81 19 25 198 351 57
internal_value=-4.89624e-13 0.000451818 -1.69432e-05 -7.4956e-06 -0.000121776 -3.10514e-05 4.17784e-05 -0.00046758 5.76024e-05 3.62738e-05 0.000503922 6.32256e-06 4.37959e-05 -4.65291e-05
internal_weight=1162 42 1120 1102 332 263 770 69 756 731 44 687 606 408
internal_count=1162 42 1120 1102 332 263 770 69 756 731 44 687 606 408
is_linear=0
shrinkage=0.03


Tree=186
num_leaves=15
num_cat=0
split_feature=0 34 71 72 4 76 27 16 73 21 78 78 6 29
split_gain=0.009535 0.00775375 0.006834 0.00794336 0.00805478 0.0161854 0.0103074 0.00884322 0.0103805 0.00950696 0.0129908 0.0192612 0.0158281 0.0123564
threshold=1.7180000000000002 1.4550000000000003 1.0386635580725596 22.190000000000005 4.785000000000001 3.6122670970642039 0.49912307130489314 0.03584440365585926 1.7714907646391718 24.250000000000004 2.0166328969318252 2.1085942840980314 74.25500000000001 3.1509402080926283
decision_type=2 2 2 2 2 2 2 2 2 2 2 2 2 2
left_child=2 -2 -1 -4 6 -6 -5 8 -8 10 13 -12 -13 -9
right_child=1 -3 3 4 5 -7 7 9 -10 -11 11 12 -14 -15
leaf_value=0.0003716470947683774 0.0012166809740010644 0.00017479595902841538 -0.00086923201172612599 -0.00095265863061120561 0.00068769980932732939 -0.00036666262673679741 -0.0010883303266018627 -0.00020052217663348991 -0.00016841873939721033 -0.00017503399938119179 0.00089938459677561637 -7.2840307809135413e-05 0.00034648557697311376 0.00021982629423953105
leaf_weight=40 10.000000000000002 18 9.9999999999999982 10.999999999999998 38 20 11.999999999999998 221 138 198 31 179 148 88
leaf_count=40 10 18 10 11 38 20 12 221 138 198 31 179 148 88
internal_value=-1.92109e-13 0.000546898 -1.35036e-05 -2.75859e-05 -1.98217e-05 0.000324127 -3.92651e-05 -2.93663e-05 -0.000242012 7.50862e-06 6.16967e-05 0.000184699 0.000116946 -8.08113e-05
internal_weight=1162 28 1134 1094 1084 58 1026 1015 150 865 667 358 327 309
internal_count=1162 28 1134 1094 1084 58 1026 1015 150 865 667 358 327 309
is_linear=0
shrinkage=0.03


Tree=187
num_leaves=15
num_cat=0
split_feature=92 72 9 91 15 15 61 40 59 64 77 12 73 40
split_gain=0.00905324 0.0120469 0.00884675 0.0106674 0.00785208 0.0138458 0.0129022 0.0166502 0.0179051 0.0115648 0.0115278 0.0100232 0.0105083 0.0130062
threshold=0.81756250000000008 100.48916666666668 3.2550000000000003 0.025473842793537645 2.6950000000000007 2.8256250000000001 5.0750000000000011 0.078836211164948933 5.7687500000000016 102.42000000000002 1.5437270543827488 2.8550000000000004 2.2916221424831469 0.061518026336796781
decision_type=2 2 2 2 2 2 2 2 2 2 2 2 2 2
left_child=2 -2 4 -4 10 -6 -7 -8 -9 -10 -1 12 13 -12
right_child=1 -3 3 -5 5 6 7 8 9 -11 11 -13 -14 -15
leaf_value=-0.00033556284201664052 0.0001595981897001988 0.0013298748093657196 -5.2469150299051154e-05 -0.00074370855531014969 0.00059426355551113366 0.00060436671737988939 -0.00047859724685574628 -0.0004887752500574358 0.0002109678911363923 0.0012795584611594677 0.00017380069250939412 -0.00093865052238106719 8.3788489763923717e-05 -0.00043211166041477224
leaf_weight=105 38 9.9999999999999982 54 32 50 32 57 33 103 9.9999999999999982 50 9.9999999999999982 490 88
leaf_count=105 38 10 54 32 50 32 57 33 103 10 50 10 490 88
internal_value=7.02315e-14 0.000403406 -1.73819e-05 -0.000309675 7.07055e-06 0.000140942 4.4491e-05 -4.37653e-05 0.000125998 0.000305533 -4.428e-05 3.65841e-06 1.86633e-05 -0.000212578
internal_weight=1162 48 1114 86 1028 285 235 203 146 113 743 638 628 138
internal_count=1162 48 1114 86 1028 285 235 203 146 113 743 638 628 138
is_linear=0
shrinkage=0.03


Tree=188
num_leaves=15
num_cat=0
split_feature=66 34 71 66 4 76 39 59 56 21 61 62 89 55
split_gain=0.00874684 0.0278229 0.00640045 0.00738838 0.00825019 0.0161796 0.0102471 0.0333148 0.0204108 0.014351 0.0117367 0.0113507 0.011065 0.00989879
threshold=112.45 1.4550000000000003 1.0386635580725596 21.850000000000005 4.785000000000001 3.6122670970642039 0.22125000000000003 3.7812500000000004 4.0500000000000007 14.490000000000002 3.5625000000000004 0.038924947208014649 -0.58449999999999991 5.1500000000000012
decision_type=2 2 2 2 2 2 2 2 2 2 2 2 2 2
left_child=2 -2 -1 -4 6 -6 10 9 -9 -8 -5 -10 -12 -13
right_child=1 -3 3 4 5 -7 7 8 11 -11 12 13 -14 -15
leaf_value=0.00036004490700906899 0.001272265139748068 -0.00072198449866846205 -0.00066625113424379379 0.00019817415925817015 0.00070604508015880904 -0.00035302949370816347 0.0018109795730561012 -0.00067801263052743015 -0.00052653690224842113 0.00043854586365341672 0.000279570912410106 0.00021391152282158144 -0.00046300175963382524 -3.4108502953781026e-05
leaf_weight=40 17.000000000000004 9.9999999999999982 15.999999999999998 44 37 20 12.000000000000002 41 34 15.999999999999998 21 200 129 525
leaf_count=40 17 10 16 44 37 20 12 41 34 16 21 200 129 525
internal_value=4.03661e-13 0.000533654 -1.26949e-05 -2.63109e-05 -1.68215e-05 0.00033444 -3.64124e-05 9.56891e-06 -2.60318e-05 0.00102673 -0.000232663 9.1872e-06 -0.000359042 3.43108e-05
internal_weight=1162 27 1135 1095 1079 57 1022 828 800 28 194 759 150 725
internal_count=1162 27 1135 1095 1079 57 1022 828 800 28 194 759 150 725
is_linear=0
shrinkage=0.03


Tree=189
num_leaves=15
num_cat=0
split_feature=2 60 71 65 6 67 49 14 9 51 27 88 1 51
split_gain=0.00860743 0.0081361 0.00594912 0.00576454 0.0156115 0.0135354 0.0125027 0.0125801 0.010951 0.0107035 0.0159105 0.0114466 0.0119882 0.00994714
threshold=38.750000000000007 0.20328636993492394 0.92561480047143485 58.355000000000011 52.900000000000013 53.985000000000007 0.099888325607700598 0.012583057392317671 3.2350000000000008 0.18838628704600183 3.3411454257488256 -0.67949999999999988 3.2050000000000005 0.14243415461036726
decision_type=2 2 2 2 2 2 2 2 2 2 2 2 2 2
left_child=2 -2 -1 5 -5 -4 8 -8 -6 10 11 -9 -13 -12
right_child=1 -3 3 4 6 -7 7 9 -10 -11 13 12 -14 -15
leaf_value=0.00044177780253812669 0.00098183479066938154 0.00011041686453002814 -3.7417482480205681e-05 0.0011491521342064845 -0.00011161581619086112 -0.00049418280496528108 0.001026118122614347 -0.00048933757603383408 -0.00094902695715427397 -0.00010775287205269048 0.0013343188277212903 0.00027303376900612039 -0.00048961815474155761 0.00036027458471084094
leaf_weight=25 14.999999999999998 27 352 10.999999999999998 223 70 12.999999999999998 26 14.999999999999998 166 15.999999999999998 159 21 23
leaf_count=25 15 27 352 11 223 70 13 26 15 166 16 159 21 23
internal_value=6.57701e-13 0.000421638 -1.58114e-05 -2.62586e-05 2.82474e-05 -0.000113184 9.62214e-06 0.000107301 -0.000164394 7.82386e-05 0.000204257 9.90661e-05 0.000184058 0.000759882
internal_weight=1162 42 1120 1095 673 422 662 424 238 411 245 206 180 39
internal_count=1162 42 1120 1095 673 422 662 424 238 411 245 206 180 39
is_linear=0
shrinkage=0.03


Tree=190
num_leaves=15
num_cat=0
split_feature=92 35 13 95 87 71 94 25 29 2 50 48 34 50
split_gain=0.008243 0.00970231 0.00847899 0.0079178 0.00752398 0.0124343 0.0117288 0.0116559 0.00829292 0.00788793 0.0080448 0.0186764 0.0166626 0.0145585
threshold=0.8688125000000001 1.7337500000000003 3.3587500000000001 0.1810767207815121 -0.11649999999999999 4.9096160529531945 -0.13762499999999997 1.9310445589695722 3.2426744914217269 34.735000000000007 2.601666666666667 2.9568750000000006 0.13500000000000004 3.7837500000000008
decision_type=2 2 2 2 2 2 2 2 2 2 2 2 2 2
left_child=2 -2 4 -4 6 -6 9 -7 -9 10 12 -12 -1 -13
right_child=1 -3 3 -5 5 7 -8 8 -10 -11 11 13 -14 -15
leaf_value=-0.0010729566161436113 0.0011743700557219033 0.00014556792540877886 -0.00018085673848605331 -0.0010771956341341137 0.0005659135325549869 0.00055033904882813138 -0.0007610591111312571 -0.0011472409015352071 -4.6501003671437497e-05 0.00056667731825395349 -0.00042925116155803313 0.00028752293347961068 0.00011067595966216602 -0.00011201244595504249
leaf_weight=10.999999999999998 10.999999999999998 33 34 11.999999999999998 52 13.999999999999998 19 11.000000000000002 13.999999999999998 21 119 113 398 300
leaf_count=11 11 33 34 12 52 14 19 11 14 21 119 113 398 300
internal_value=9.058e-13 0.000402768 -1.58514e-05 -0.000414684 1.26275e-06 0.000262215 -2.29439e-05 -0.000142716 -0.000530827 -8.36569e-06 -2.11987e-05 -9.811e-05 7.88423e-05 -2.69647e-06
internal_weight=1162 44 1118 46 1072 91 981 39 25 962 941 532 409 413
internal_count=1162 44 1118 46 1072 91 981 39 25 962 941 532 409 413
is_linear=0
shrinkage=0.03


Tree=191
num_leaves=15
num_cat=0
split_feature=66 34 71 72 4 83 27 16 73 40 42 56 0 92
split_gain=0.00804273 0.025488 0.00563756 0.00688084 0.00714577 0.014501 0.00948354 0.00797119 0.00754983 0.00724287 0.0195108 0.00894646 0.0128381 0.0111438
threshold=112.45 1.4550000000000003 1.0386635580725596 22.190000000000005 4.785000000000001 3.7054046305944977 0.49912307130489314 0.031267692315482438 1.8013538388152657 0.048586068585619625 1.8450000000000004 4.0500000000000007 -0.36649999999999994 -0.16724999999999998
decision_type=2 2 2 2 2 2 2 2 2 2 2 2 2 2
left_child=2 -2 -1 -4 6 8 -5 -8 -6 10 -9 12 -11 -14
right_child=1 -3 3 4 5 -7 7 9 -10 11 -12 -13 13 -15
leaf_value=0.0003376477769179473 0.0012186646423138236 -0.00069007475394755602 -0.00080829090904444457 -0.00091216491217809643 0.0012881675194948911 -0.00057631816410531216 -0.00027146374697418379 0.0014434773250567644 0.0003534893592420433 -0.00058404715938728438 9.1666951532859355e-05 2.1878200969708746e-05 0.00014792402759194372 -0.00066545714389863665
leaf_weight=40 17.000000000000004 9.9999999999999982 9.9999999999999982 10.999999999999998 9.9999999999999982 12.999999999999998 107 10.999999999999998 35 58 76 670 75 19
leaf_count=40 17 10 10 11 10 13 107 11 35 58 76 670 75 19
internal_value=-2.80832e-13 0.000511724 -1.21732e-05 -2.4952e-05 -1.77323e-05 0.000306236 -3.60285e-05 -2.65427e-05 0.000561196 2.28736e-06 0.000262586 -2.52624e-05 -0.000233053 -1.64828e-05
internal_weight=1162 27 1135 1095 1085 58 1027 1016 45 909 87 822 152 94
internal_count=1162 27 1135 1095 1085 58 1027 1016 45 909 87 822 152 94
is_linear=0
shrinkage=0.03


Tree=192
num_leaves=15
num_cat=0
split_feature=92 72 9 91 1 82 21 25 66 6 18 78 70 32
split_gain=0.00764174 0.0102835 0.00789258 0.00913804 0.00714948 0.0125861 0.0175357 0.0106255 0.0079497 0.00791615 0.00957126 0.0131332 0.0123455 0.0126739
threshold=0.81756250000000008 100.48916666666668 3.2550000000000003 0.025473842793537645 2.9750000000000005 0.080194650430112577 24.365000000000006 2.6858642285472345 21.850000000000005 97.88000000000001 0.058487870315493039 2.0463707581842576 96.248750000000015 0.24500000000000002
decision_type=2 2 2 2 2 2 2 2 2 2 2 2 2 2
left_child=2 -2 4 -4 8 -6 -7 -8 -1 10 11 -10 13 -12
right_child=1 -3 3 -5 5 6 7 -9 9 -11 12 -13 -14 -15
leaf_value=-0.00068481087095278775 0.00014536859213350046 0.0012266054721549152 -5.3995266498532139e-05 -0.00069376711500808593 -0.00039462059750803745 0.00069989908571696394 -0.00065431997568036115 0.00032851074729643926 -0.00036966774555989291 -0.00028908086422015035 -0.00018771874535412927 4.1411052623928327e-05 0.0010913204808126796 0.00016203087612666421
leaf_weight=15.999999999999998 38 9.9999999999999982 54 32 24 59 18 22 114 83 124 181 10.999999999999998 376
leaf_count=16 38 10 54 32 24 59 18 22 114 83 124 181 11 376
internal_value=-8.51419e-14 0.000370626 -1.59695e-05 -0.00029205 7.12668e-06 0.000221729 0.000371147 -0.000113763 -2.20402e-05 -1.01118e-05 1.86157e-05 -0.000117447 9.71644e-05 7.5293e-05
internal_weight=1162 48 1114 86 1028 123 99 40 905 889 806 295 511 500
internal_count=1162 48 1114 86 1028 123 99 40 905 889 806 295 511 500
is_linear=0
shrinkage=0.03


Tree=193
num_leaves=15
num_cat=0
split_feature=2 60 28 47 75 40 83 39 26 62 18 84 89 28
split_gain=0.00732659 0.00733345 0.00595804 0.01654 0.01016 0.0144636 0.0145716 0.0129231 0.00960263 0.00981508 0.00879907 0.00797643 0.00770758 0.0150206
threshold=38.750000000000007 0.20328636993492394 13.816666666666668 0.13371299294328812 3.0827887156362204 0.090319297363083431 2.1418134594911034 0.90083333333333349 14.208125000000001 1.0000000180025095e-35 0.067279347403520193 0.037469265046227392 -0.50049999999999983 25.612083333333334
decision_type=2 2 2 2 2 2 2 2 2 2 2 2 2 2
left_child=2 -2 3 4 5 6 7 -1 -4 -10 -8 -11 -13 -14
right_child=1 -3 8 -5 -6 -7 10 -9 9 11 -12 12 13 -15
leaf_value=-0.000692366767131413 0.00092085073050111529 9.3532811830906819e-05 -0.00041559823850727045 0.0012492481297390026 -0.00026898845071194781 0.00060837230353499763 8.7988608994055541e-05 0.00015070688347623216 -0.00058727288566943667 -0.00084710136288776992 0.00080795039581558245 -9.8219934871253669e-05 0.00021514410776099269 -0.00017628183280251619
leaf_weight=36 14.999999999999998 27 61 10.999999999999998 63 50 50 30 27 9.9999999999999982 22 348 284 128
leaf_count=36 15 27 61 11 63 50 50 30 27 10 22 348 284 128
internal_value=1.47202e-12 0.000389003 -1.45876e-05 0.000110628 6.07278e-05 0.000171218 1.28286e-05 -0.000309151 -5.28235e-05 -2.50578e-05 0.000307977 -5.34376e-06 5.73199e-06 9.3536e-05
internal_weight=1162 42 1120 262 251 188 138 66 858 797 72 770 760 412
internal_count=1162 42 1120 262 251 188 138 66 858 797 72 770 760 412
is_linear=0
shrinkage=0.03


Tree=194
num_leaves=15
num_cat=0
split_feature=92 6 13 95 87 71 94 25 29 26 2 50 48 34
split_gain=0.00709582 0.00868838 0.0075604 0.00710736 0.00676099 0.0116986 0.0108316 0.0104906 0.00800091 0.00739298 0.00700961 0.00743577 0.0169657 0.0146194
threshold=0.8688125000000001 69.090000000000018 3.3587500000000001 0.1810767207815121 -0.11649999999999999 4.9096160529531945 -0.13762499999999997 1.9310445589695722 3.2426744914217269 23.214375000000004 34.735000000000007 2.601666666666667 2.9568750000000006 0.13500000000000004
decision_type=2 2 2 2 2 2 2 2 2 2 2 2 2 2
left_child=2 -2 4 -4 6 9 10 -7 -9 -6 11 13 -13 -1
right_child=1 -3 3 -5 5 7 -8 8 -10 -11 -12 12 -14 -15
leaf_value=-0.0010022730680859901 0.00014506652117822393 0.0011510193612193687 -0.00016977869837051806 -0.0010190066113136709 0.0012764825876802205 0.00051355020176353198 -0.00073081642585365401 -0.0011176118085330178 -3.6425389282937561e-05 0.00036885412776817766 0.00053459972409265386 -0.00040913495502704677 -2.58483170170112e-06 0.00010641683480201177
leaf_weight=10.999999999999998 34 9.9999999999999982 34 11.999999999999998 9.9999999999999982 13.999999999999998 19 11.000000000000002 13.999999999999998 42 21 119 413 398
leaf_count=11 34 10 34 12 10 14 19 11 14 42 21 119 413 398
internal_value=3.88797e-13 0.000373692 -1.4707e-05 -0.000391316 1.45345e-06 0.000248821 -2.1493e-05 -0.000143948 -0.000512147 0.000543398 -7.48348e-06 -1.9581e-05 -9.35237e-05 7.65988e-05
internal_weight=1162 44 1118 46 1072 91 981 39 25 52 962 941 532 409
internal_count=1162 44 1118 46 1072 91 981 39 25 52 962 941 532 409
is_linear=0
shrinkage=0.03


Tree=195
num_leaves=15
num_cat=0
split_feature=66 34 28 47 81 95 38 83 26 82 4 84 60 45
split_gain=0.00697168 0.0234219 0.00533813 0.0155278 0.00960473 0.0109083 0.0120818 0.00995113 0.00902121 0.00851731 0.00769602 0.00728094 0.00715241 0.0063798
threshold=112.45 1.4550000000000003 13.816666666666668 0.13371299294328812 3.1872890408457075 0.021502554351442486 0.09070163016330085 2.1256510934830151 14.208125000000001 0.081099040962869351 5.1250000000000009 0.037469265046227392 0.064086994446640164 5.1450000000000005
decision_type=2 2 2 2 2 2 2 2 2 2 2 2 2 2
left_child=2 -2 3 4 5 6 7 9 -4 -1 11 -10 -9 -13
right_child=1 -3 8 -5 -6 -7 -8 12 10 -11 -12 13 -14 -15
leaf_value=0.00015945418069296624 0.0011541157999240298 -0.00067562452051788562 -0.00039882736147923363 0.0012106591035527261 -0.00028721965824453425 0.00049108812547781215 0.00060194925600662828 0.00047212266083806754 -0.00081227482762187715 -0.00064214178633119443 -0.00069376792933326212 -9.1468763167995937e-06 -0.0002400364192594266 0.00063704019345875288
leaf_weight=17 17.000000000000004 9.9999999999999982 61 10.999999999999998 56 61 25 30 9.9999999999999982 40 14.999999999999998 773 22 13.999999999999998
leaf_count=17 17 10 61 11 56 61 25 30 10 40 15 773 22 14
internal_value=-8.65507e-13 0.000476434 -1.13337e-05 0.000107427 5.90786e-05 0.000158528 7.13925e-06 -0.000129285 -4.69756e-05 -0.000403069 -2.05434e-05 -7.87292e-06 0.000170825 2.34819e-06
internal_weight=1162 27 1135 262 251 195 134 109 873 57 812 797 52 787
internal_count=1162 27 1135 262 251 195 134 109 873 57 812 797 52 787
is_linear=0
shrinkage=0.03


Tree=196
num_leaves=15
num_cat=0
split_feature=92 72 9 94 27 50 48 39 5 48 71 28 88 92
split_gain=0.00665966 0.0137921 0.00724446 0.0101313 0.0075775 0.00648797 0.0148634 0.0130331 0.0233244 0.0116495 0.020431 0.0124904 0.0115868 0.0132683
threshold=0.76200000000000012 103.79083333333334 3.2550000000000003 -0.18083333333333332 4.1747992587247618 2.5687500000000005 2.9568750000000006 0.21208333333333337 3.6500000000000008 3.6437500000000003 3.8352452637699561 26.335833333333333 -0.47449999999999992 -0.42468749999999994
decision_type=2 2 2 2 2 2 2 2 2 2 2 2 2 2
left_child=2 -2 5 4 -4 7 -7 -1 -9 10 -8 -11 -10 -14
right_child=1 -3 3 -5 -6 6 9 8 12 11 -12 -13 13 -15
leaf_value=-0.00052403095880955723 9.3418696911352783e-05 0.0013331110565923154 -0.00034240729438119328 -0.00091498574765864755 0.00034212722241963177 -0.00034110060069631501 0.00066871700490810321 0.0013483754891370024 -1.1876172449187452e-05 -2.0092841157178829e-05 -0.00012090266477853532 -0.00079046310958801763 0.00081098279685982945 0.00011640502750491526
leaf_weight=28 42 9.9999999999999982 43 18 22 129 60 13.999999999999998 251 358 58 20 38 71
leaf_count=28 42 10 43 18 22 129 60 14 251 358 58 20 38 71
internal_value=4.17115e-13 0.000331821 -1.55448e-05 -0.000285138 -0.000110719 6.2432e-06 -5.42301e-05 0.000100263 0.000147001 2.03794e-05 0.000280599 -6.08532e-05 0.000100281 0.000358551
internal_weight=1162 52 1110 83 65 1027 625 402 374 496 118 378 360 109
internal_count=1162 52 1110 83 65 1027 625 402 374 496 118 378 360 109
is_linear=0
shrinkage=0.03


Tree=197
num_leaves=15
num_cat=0
split_feature=0 35 28 4 42 39 83 81 26 62 2 18 20 91
split_gain=0.00638023 0.00644435 0.00503205 0.0149906 0.00943098 0.0119885 0.0112061 0.0114991 0.00830314 0.00725597 0.0127408 0.00692191 0.00992347 0.00958821
threshold=1.7180000000000002 1.8587500000000001 13.816666666666668 1.7350000000000001 5.0150000000000006 0.90083333333333349 2.1098372169442237 2.8090063123360367 14.208125000000001 0.038924947208014649 20.990000000000006 0.048398506402365267 23.110000000000003 0.0096263527188283279
decision_type=2 2 2 2 2 2 2 2 2 2 2 2 2 2
left_child=2 -2 3 -1 5 6 -5 -8 -4 10 -10 -11 -13 -14
right_child=1 -3 8 4 -6 -7 7 -9 9 11 -12 12 13 -15
leaf_value=0.0012433925180230288 0.0010579825881868597 0.00010813611622628135 -0.00038322963114908022 -0.00065917978005018078 0.00096187295392155645 0.00029858472843698923 0.00028471862615333523 -0.00029559195331655379 -0.00088274851168060429 -0.00024914512759344442 0.00013930279063060878 0.00011384206570674474 -0.00054482079488679582 -3.6995041828049576e-05
leaf_weight=9.9999999999999982 10.000000000000002 18 61 30 9.9999999999999982 89 60 63 23 88 21 456 41 182
leaf_count=10 10 18 61 30 10 89 60 63 23 88 21 456 41 182
internal_value=-1.29216e-12 0.000447367 -1.10461e-05 0.000104245 5.90405e-05 2.17334e-05 -0.000139311 -1.25136e-05 -4.56862e-05 -2.02977e-05 -0.000394951 1.19486e-06 3.36395e-05 -0.000130362
internal_weight=1162 28 1134 262 252 242 153 123 872 811 44 767 679 223
internal_count=1162 28 1134 262 252 242 153 123 872 811 44 767 679 223
is_linear=0
shrinkage=0.03


Tree=198
num_leaves=15
num_cat=0
split_feature=66 34 18 73 28 47 3 1 29 3 43 13 26 62
split_gain=0.00618139 0.0215878 0.0048841 0.00601675 0.00597838 0.0132465 0.00990439 0.0104483 0.00802151 0.00860397 0.00718767 0.00718455 0.00687503 0.00727769
threshold=112.45 1.4550000000000003 0.032467907221558422 3.4869043928228902 13.816666666666668 0.13371299294328812 -0.074999999999999997 1.6850000000000003 0.87337805941814006 1.1850000000000003 2.5950000000000002 1.5837500000000004 14.250000000000002 0.038924947208014649
decision_type=2 2 2 2 2 2 2 2 2 2 2 2 2 2
left_child=2 -2 3 -1 5 6 11 -8 -9 -10 -11 -4 -6 -14
right_child=1 -3 4 -5 12 -7 7 8 9 10 -12 -13 13 -15
leaf_value=-0.00045680279486502208 0.0010992255872663327 -0.00065741359954699867 0.00022608121018856755 0.00015817322360817343 -0.00034397828525008234 0.0011580326907675374 0.0006738839422929055 0.00066418972720081609 -0.00018990428596098776 0.00052341025434240389 -0.00032439112321299037 -0.00076736252629320677 -0.00038310275876111434 1.3983339273269761e-05
leaf_weight=45 17.000000000000004 9.9999999999999982 10.000000000000002 21 59 10.999999999999998 31 18 86 36 11.999999999999998 19 44 743
leaf_count=45 17 10 10 21 59 11 31 18 86 36 12 19 44 743
internal_value=-1.1508e-13 0.000448618 -1.0672e-05 -0.000261129 4.7912e-06 0.000142975 9.03068e-05 0.000171935 6.9564e-05 -1.03111e-05 0.00031146 -0.000424796 -3.16331e-05 -8.21715e-06
internal_weight=1162 27 1135 66 1069 223 212 183 152 134 48 29 846 787
internal_count=1162 27 1135 66 1069 223 212 183 152 134 48 29 846 787
is_linear=0
shrinkage=0.03


Tree=199
num_leaves=15
num_cat=0
split_feature=2 18 51 62 49 70 84 40 33 4 7 20 25 64
split_gain=0.00599968 0.00585772 0.00460024 0.0151827 0.00628696 0.0117581 0.0110658 0.015287 0.0107356 0.00939861 0.00924992 0.00946879 0.00917952 0.00913318
threshold=42.945000000000007 0.66975642677781433 0.066283934288418847 0.049236596392034149 0.099888325607700598 55.883125000000007 0.28049065317368133 0.077903388121910458 0.92500000000000016 2.4950000000000006 1.4119199789990879 22.250000000000004 2.6567149689377625 100.31500000000001
decision_type=2 2 2 2 2 2 2 2 2 2 2 2 2 2
left_child=2 -2 3 -1 10 8 7 12 -6 -9 11 -4 -7 -8
right_child=1 -3 4 -5 5 6 13 9 -10 -11 -12 -13 -14 -15
leaf_value=0.0012519775898280469 0.00080836267472477602 -9.0950918172232135e-05 0.00038215222743539405 2.091742127377074e-05 -0.00052681855703293179 0.00038581992630497551 3.7062248923541995e-05 0.00045363632554654035 -3.6881992814962445e-05 -2.2969448536573704e-05 -0.00020590558822128187 -0.00025253000823260448 0.0011147331415533857 -0.00052498459285538223
leaf_weight=10.999999999999998 16.000000000000004 10.999999999999998 56 50 51 48 162 51 191 138 289 34 23 31
leaf_count=11 16 11 56 50 51 48 162 51 191 138 289 34 23 31
internal_value=-8.24462e-13 0.000441976 -1.0514e-05 0.000242912 -2.49078e-05 2.86924e-05 0.000118882 0.00024663 -0.000140133 0.000105638 -0.000123198 0.000142383 0.000621947 -5.32147e-05
internal_weight=1162 27 1135 61 1074 695 453 260 242 189 379 90 71 193
internal_count=1162 27 1135 61 1074 695 453 260 242 189 379 90 71 193
is_linear=0
shrinkage=0.03


end of trees

feature_importances:
nfci=287
cpi_yoy_roll12_mean=81
wti_roll12_std=74
wti_lag12=70
nfci_roll12_mean=70
unrate_roll12_mean=69
cpi_yoy_lag12=66
cpi_yoy=64
dgs10_lag12=60
nfci_roll4_std=57
t10y2y_roll12_std=56
unrate_roll12_std=55
cpi_yoy_lag8=54
t10y2y_lag12=51
dgs10_lag8=50
cpi_yoy_lag4=45
baa10y_roll12_std=43
cpi_yoy_lag1=41
nfci_roll8_mean=41
wti_roll12_mean=40
nfci_lag4=40
baa10y=38
baa10y_lag12=38
vix_roll12_std=38
vix_roll12_mean=37
unrate_lag12=37
t10y2y_roll4_mean=36
dgs10_roll8_std=36
wti_roll8_std=36
cpi_yoy_roll12_std=35
t10y2y_roll12_mean=34
cpi_yoy_roll8_mean=34
dgs10=32
unrate=32
vix_roll8_mean=32
dgs10_roll12_mean=29
unrate_roll8_mean=29
nfci_lag8=29
t10y2y_lag4=28
cpi_yoy_roll8_std=28
wti_lag8=26
nfci_roll12_std=26
baa10y_roll8_mean=25
dgs10_lag1=25
nfci_lag1=25
t10y2y=23
unrate_roll8_std=23
cpi_yoy_lag2=23
nfci_lag2=22
dgs10_roll8_mean=20
dgs10_roll12_std=20
vix_roll4_std=19
t10y2y_lag1=19
t10y2y_lag8=19
t10y2y_roll8_mean=19
wti=18
baa10y_roll4_mean=17
vix_lag4=17
vix_roll4_mean=17
nfci_lag12=17
baa10y_lag1=16
dgs10_roll4_std=16
dgs10_roll4_mean=15
unrate_roll4_mean=15
wti_roll4_mean=15
wti_roll4_std=15
vix=14
baa10y_roll8_std=14
t10y2y_roll8_std=14
vix_roll8_std=13
wti_roll8_mean=12
baa10y_roll12_mean=11
vix_lag1=11
wti_lag2=11
wti_lag4=11
nfci_roll8_std=11
baa10y_lag2=9
baa10y_roll4_std=9
vix_lag2=9
unrate_lag8=9
cpi_yoy_roll4_mean=9
vix_lag12=7
t10y2y_lag2=7
dgs10_lag2=7
dgs10_lag4=7
unrate_lag1=7
unrate_lag2=6
unrate_lag4=6
wti_lag1=5
nfci_roll4_mean=5
t10y2y_roll4_std=4
cpi_yoy_roll4_std=3
baa10y_lag4=2
baa10y_lag8=2
vix_lag8=1

parameters:
[boosting: gbdt]
[objective: regression]
[metric: l2]
[tree_learner: serial]
[device_type: cpu]
[data_sample_strategy: bagging]
[data: ]
[valid: ]
[num_iterations: 200]
[learning_rate: 0.03]
[num_leaves: 15]
[num_threads: 1]
[seed: 42]
[deterministic: 0]
[force_col_wise: 0]
[force_row_wise: 0]
[histogram_pool_size: -1]
[max_depth: -1]
[min_data_in_leaf: 10]
[min_sum_hessian_in_leaf: 0.001]
[bagging_fraction: 1]
[pos_bagging_fraction: 1]
[neg_bagging_fraction: 1]
[bagging_freq: 0]
[bagging_seed: 400]
[bagging_by_query: 0]
[feature_fraction: 1]
[feature_fraction_bynode: 1]
[feature_fraction_seed: 30056]
[extra_trees: 0]
[extra_seed: 12879]
[early_stopping_round: 0]
[early_stopping_min_delta: 0]
[first_metric_only: 0]
[max_delta_step: 0]
[lambda_l1: 0]
[lambda_l2: 0]
[linear_lambda: 0]
[min_gain_to_split: 0]
[drop_rate: 0.1]
[max_drop: 50]
[skip_drop: 0.5]
[xgboost_dart_mode: 0]
[uniform_drop: 0]
[drop_seed: 17869]
[top_rate: 0.2]
[other_rate: 0.1]
[min_data_per_group: 100]
[max_cat_threshold: 32]
[cat_l2: 10]
[cat_smooth: 10]
[max_cat_to_onehot: 4]
[top_k: 20]
[monotone_constraints: ]
[monotone_constraints_method: basic]
[monotone_penalty: 0]
[feature_contri: ]
[forcedsplits_filename: ]
[refit_decay_rate: 0.9]
[cegb_tradeoff: 1]
[cegb_penalty_split: 0]
[cegb_penalty_feature_lazy: ]
[cegb_penalty_feature_coupled: ]
[path_smooth: 0]
[interaction_constraints: ]
[verbosity: -1]
[saved_feature_importance_type: 0]
[use_quantized_grad: 0]
[num_grad_quant_bins: 4]
[quant_train_renew_leaf: 0]
[stochastic_rounding: 1]
[linear_tree: 0]
[max_bin: 255]
[max_bin_by_feature: ]
[min_data_in_bin: 3]
[bin_construct_sample_cnt: 200000]
[data_random_seed: 175]
[is_enable_sparse: 1]
[enable_bundle: 1]
[use_missing: 1]
[zero_as_missing: 0]
[feature_pre_filter: 1]
[pre_partition: 0]
[two_round: 0]
[header: 0]
[label_column: ]
[weight_column: ]
[group_column: ]
[ignore_column: ]
[categorical_feature: ]
[forcedbins_filename: ]
[precise_float_parser: 0]
[parser_config_file: ]
[objective_seed: 16083]
[num_class: 1]
[is_unbalance: 0]
[scale_pos_weight: 1]
[sigmoid: 1]
[boost_from_average: 1]
[reg_sqrt: 0]
[alpha: 0.9]
[fair_c: 1]
[poisson_max_delta_step: 0.7]
[tweedie_variance_power: 1.5]
[lambdarank_truncation_level: 30]
[lambdarank_norm: 1]
[label_gain: ]
[lambdarank_position_bias_regularization: 0]
[eval_at: ]
[multi_error_top_k: 1]
[auc_mu_weights: ]
[num_machines: 1]
[local_listen_port: 12400]
[time_out: 120]
[machine_list_filename: ]
[machines: ]
[gpu_platform_id: -1]
[gpu_device_id: -1]
[gpu_use_dp: 0]
[num_gpu: 1]

end of parameters

pandas_categorical:[]
